symbol,roe,roce,debt_equity,sales_growth,eps_growth,fundamental_score,conviction_score
20MICRONS,20.67,10.2,0.12,20.0,26.83,80,80
21STCENMGM,27.69,13.42,0.57,17.57,29.9,60,60
360ONE,39.17,22.02,0.15,15.9,31.41,100,100
3BBLACKBIO,27.2,26.83,0.89,6.69,5.47,40,40
3IINFOLTD,20.36,29.82,0.36,26.56,6.56,80,80
3MINDIA,11.56,34.26,0.66,26.43,18.87,60,60
3PLAND,19.28,12.48,0.53,29.34,17.54,60,60
5PAISA,28.57,23.54,0.81,29.16,21.51,80,80
63MOONS,19.45,29.77,0.92,19.4,15.02,80,80
AAATECH,24.74,32.89,0.98,16.19,14.8,80,80
AADHARHFC,13.88,24.14,0.34,11.38,25.47,80,80
AARNAV,15.68,27.45,0.53,15.78,8.35,60,60
AARON,10.36,17.97,0.83,27.41,24.63,60,60
AARTECH,33.71,13.74,0.36,11.58,15.74,80,80
AARTIDRUGS,34.66,15.24,0.8,15.91,21.04,80,80
AARTIIND,26.92,23.74,0.91,5.72,28.95,60,60
AARTIPHARM,11.96,21.16,0.63,9.49,9.57,20,20
AARTISURF,28.54,27.43,0.96,10.9,20.82,80,80
AARVI,29.55,29.11,0.37,25.07,9.66,80,80
AAVAS,25.0,29.84,0.69,18.27,17.49,80,80
ABB,32.8,29.0,0.55,9.46,22.96,60,60
ABBOTINDIA,31.62,26.92,0.14,18.17,11.97,100,100
ABCAPITAL,39.6,27.18,0.01,20.63,21.76,100,100
ABCOTS,37.48,33.3,0.64,16.2,29.43,80,80
ABDL,37.67,34.43,0.52,12.55,24.37,80,80
ABFRL,34.51,20.17,0.33,22.25,29.02,100,100
ABINFRA,26.02,11.91,0.98,28.17,14.78,60,60
ABLBL,28.94,32.5,0.17,7.52,32.24,80,80
ABMKNO,34.19,32.94,0.13,12.5,23.52,100,100
ABREL,28.23,24.9,0.99,11.84,16.53,80,80
ABSLAMC,38.16,13.29,0.39,9.62,19.18,60,60
ACC,11.62,11.16,0.99,24.11,19.34,40,40
ACCELYA,14.18,12.68,0.25,14.58,8.32,40,40
ACE,24.84,28.2,0.01,26.05,8.04,80,80
ACEINTEG,37.73,20.78,0.72,25.67,20.32,80,80
ACI,36.46,11.89,0.49,12.2,16.48,80,80
ACL,38.35,28.44,0.54,18.91,25.91,80,80
ACMESOLAR,11.5,30.62,0.7,27.78,13.29,60,60
ACSTECH,31.95,13.24,0.43,14.95,16.09,80,80
ACUTAAS,34.37,10.33,0.52,11.26,33.16,60,60
ADANIENSOL,29.95,11.41,0.18,8.75,26.58,60,60
ADANIENT,22.73,33.38,0.52,18.33,20.46,80,80
ADANIGREEN,31.38,27.64,0.71,6.66,28.59,60,60
ADANIPORTS,27.15,19.54,0.27,10.83,10.19,100,100
ADANIPOWER,20.58,25.11,0.07,16.42,25.97,100,100
ADFFOODS,25.12,14.5,0.11,14.46,30.63,80,80
ADL,15.24,24.49,0.9,18.41,34.33,80,80
ADOR,21.16,20.58,0.94,16.7,24.88,80,80
ADROITINFO,18.42,11.82,0.3,22.41,23.54,80,80
ADSL,36.02,28.58,0.9,29.62,9.27,60,60
ADVAIT,19.89,27.0,0.34,17.05,33.91,100,100
ADVANCE,10.5,31.34,0.29,13.83,11.76,80,80
ADVANIHOTR,17.73,34.11,0.05,19.17,6.15,80,80
ADVENTHTL,36.59,19.98,0.53,17.69,23.05,80,80
ADVENZYMES,21.78,26.5,0.82,8.94,10.95,60,60
AEGISLOG,16.42,26.57,0.46,29.04,17.35,100,100
AEGISVOPAK,20.85,14.46,0.37,11.37,7.71,60,60
AEQUS,24.71,27.24,0.36,23.76,11.29,100,100
AEROENTER,20.3,23.34,0.48,24.13,20.04,100,100
AEROFLEX,30.05,17.68,0.84,18.64,29.38,80,80
AERONEU,37.07,10.77,0.82,14.18,32.65,60,60
AETHER,31.7,21.33,0.69,14.75,12.56,80,80
AFCONS,18.72,15.19,0.81,24.01,29.12,80,80
AFFLE,30.07,13.22,0.55,28.65,6.12,40,40
AFSL,34.8,13.86,0.09,24.71,6.03,60,60
AGARIND,16.07,12.19,0.26,16.86,23.4,80,80
AGARWALEYE,33.85,32.02,0.61,12.6,11.45,80,80
AGI,16.83,21.12,0.62,6.68,11.47,60,60
AGIIL,37.82,22.45,0.78,21.25,16.11,80,80
AGRITECH,34.95,13.83,0.11,27.21,19.83,80,80
AGROPHOS,21.09,31.21,0.38,19.96,31.74,100,100
AHCL,14.81,20.78,0.64,18.47,26.08,60,60
AHLADA,11.91,26.5,0.74,10.47,15.23,60,60
AHLEAST,23.32,30.37,0.87,19.06,29.15,80,80
AHLUCONT,37.46,32.45,0.1,13.1,18.14,100,100
AIAENG,18.36,21.47,0.96,10.74,33.34,80,80
AIIL,37.83,14.99,0.27,6.39,21.86,60,60
AIRAN,38.21,27.95,0.82,5.49,15.13,60,60
AIROLAM,24.37,34.74,0.9,8.56,23.04,60,60
AJANTPHARM,38.82,24.48,0.64,5.26,26.47,60,60
AJAXENGG,10.33,12.14,0.84,28.73,23.37,40,40
AJMERA,34.25,13.71,0.98,5.11,19.57,40,40
AJOONI,37.05,19.57,0.99,21.06,28.78,80,80
AKASH,26.89,23.96,0.68,29.52,34.65,80,80
AKCAPIT,18.82,32.6,0.62,17.17,8.87,60,60
AKG,34.97,13.01,0.75,8.41,6.81,20,20
AKI,29.56,33.27,0.82,20.05,13.19,80,80
AKSHAR,11.8,12.1,0.33,21.7,23.09,60,60
AKSHARCHEM,24.94,24.0,0.42,21.53,11.41,100,100
AKUMS,33.2,18.0,0.69,26.76,12.91,80,80
ALANKIT,28.27,18.77,0.52,14.15,31.19,80,80
ALBERTDAVD,15.88,15.94,0.55,22.25,20.07,80,80
ALEMBICLTD,25.41,33.73,0.64,12.7,15.6,80,80
ALGOQUANT,14.02,29.23,0.29,20.64,27.65,80,80
ALICON,35.59,24.85,0.34,18.73,24.68,100,100
ALIVUS,19.62,10.42,0.25,22.75,28.63,80,80
ALKALI,20.95,31.64,0.21,26.09,23.28,100,100
ALKEM,19.89,32.42,0.5,11.83,12.91,80,80
ALKYLAMINE,39.78,10.6,0.81,19.31,21.38,60,60
ALLCARGO,21.2,31.82,0.47,16.07,30.71,100,100
ALLDIGI,19.72,11.49,0.54,7.41,30.36,40,40
ALLTIME,18.35,12.24,0.52,22.18,32.76,60,60
ALMONDZ,36.46,28.46,0.67,6.11,21.98,60,60
ALOKINDS,23.57,29.89,0.56,19.17,5.17,60,60
ALPA,19.03,10.21,0.24,29.58,13.84,80,80
ALPHAGEO,34.84,10.46,0.6,14.9,11.89,60,60
AMAGI,39.53,19.08,0.52,21.72,13.01,80,80
AMANTA,23.72,22.16,0.9,16.63,19.48,80,80
AMBALALSA,38.32,28.13,0.23,17.58,20.54,100,100
AMBER,22.23,30.47,0.51,14.54,30.65,80,80
AMBICAAGAR,25.76,29.42,0.57,24.66,27.06,80,80
AMBIKCO,32.11,33.27,0.38,25.77,14.48,100,100
AMBUJACEM,31.74,34.38,0.61,15.67,21.31,80,80
AMDIND,21.31,22.06,0.96,22.43,26.08,80,80
AMIRCHAND,34.77,15.71,0.77,8.05,25.55,60,60
AMJLAND,37.65,21.13,0.53,17.89,32.55,80,80
AMNPLST,13.63,13.6,0.04,26.14,23.48,60,60
AMRUTANJAN,27.54,32.85,0.57,10.62,14.32,80,80
ANANDRATHI,13.58,33.05,0.4,17.19,23.37,80,80
ANANTRAJ,12.74,21.19,0.86,18.55,27.81,60,60
ANDHRAPAP,21.76,31.27,0.47,13.15,21.64,100,100
ANDHRSUGAR,22.84,22.0,0.18,25.58,29.46,100,100
ANGELONE,11.36,17.71,0.91,16.05,32.28,60,60
ANMOL,13.88,23.77,0.48,29.07,25.8,80,80
ANTELOPUS,19.48,30.58,0.03,21.14,17.93,100,100
ANTGRAPHIC,18.9,19.67,0.68,13.6,16.07,80,80
ANTHEM,27.95,14.28,0.86,11.71,28.09,60,60
ANUHPHR,30.33,15.02,0.36,11.55,23.35,100,100
ANUP,29.4,25.3,0.99,7.52,28.48,60,60
ANURAS,28.24,30.56,0.23,27.41,23.88,100,100
APARINDS,27.67,33.51,0.84,6.71,7.48,40,40
APCL,32.05,13.31,0.08,6.87,10.94,60,60
APCOTEXIND,33.45,19.86,0.21,13.1,13.4,100,100
APEX,34.47,21.85,0.29,14.81,17.09,100,100
APLAPOLLO,11.57,30.67,0.06,12.36,5.51,60,60
APLLTD,34.84,15.71,0.69,15.14,11.95,80,80
APOLLO,15.94,11.9,0.12,8.16,28.72,60,60
APOLLOHOSP,16.64,23.47,0.55,21.23,16.15,80,80
APOLLOPIPE,13.88,15.2,0.12,7.97,31.0,60,60
APOLLOTYRE,36.59,15.84,0.68,13.03,11.41,80,80
APOLSINHOT,37.72,11.75,0.66,18.07,9.62,40,40
APTECHT,36.59,30.34,0.39,10.5,32.1,100,100
APTUS,39.85,12.14,0.14,26.83,10.65,80,80
AQYLON,35.89,20.01,0.04,6.06,23.01,80,80
ARCHIDPLY,26.61,26.49,0.46,6.57,19.24,80,80
ARCHIES,39.83,27.59,0.12,28.58,33.39,100,100
ARE&M,12.49,34.37,0.06,28.1,32.38,80,80
ARENTERP,10.33,31.34,0.15,19.65,25.14,80,80
ARFIN,37.03,23.96,0.57,22.76,24.64,80,80
ARIES,12.34,30.49,0.93,13.13,26.58,60,60
ARIHANT,15.28,21.63,0.93,22.74,12.2,80,80
ARIHANTCAP,17.8,11.99,0.07,28.92,28.63,80,80
ARIHANTSUP,16.72,24.28,0.18,13.29,8.22,80,80
ARIS,28.57,16.05,0.18,29.46,25.21,100,100
ARKADE,36.45,27.97,0.41,27.55,16.37,100,100
ARMANFIN,29.34,14.83,0.56,19.08,28.17,60,60
AROGRANITE,15.73,11.9,0.19,20.04,25.03,80,80
ARROWGREEN,12.36,22.75,0.77,24.27,33.43,60,60
ARSSBL,27.24,23.92,0.56,25.91,10.4,80,80
ARTEMISMED,32.39,26.82,0.05,16.19,34.14,100,100
ARVEE,37.48,22.59,0.94,7.82,9.67,40,40
ARVIND,17.45,12.7,0.1,18.91,19.74,80,80
ARVINDFASN,19.46,26.31,0.52,12.12,30.05,80,80
ARVSMART,19.75,30.0,0.02,23.83,13.71,100,100
ASAHIINDIA,20.12,21.51,0.4,22.63,12.0,100,100
ASAHISONG,20.74,25.56,0.66,6.41,22.61,60,60
ASAL,39.08,31.82,0.46,17.12,34.54,100,100
ASALCBR,10.21,34.77,0.44,13.6,27.17,80,80
ASHAPURMIN,17.67,17.93,0.97,13.51,15.84,80,80
ASHIANA,13.58,27.34,0.51,13.99,15.76,60,60
ASHIKA,29.39,29.24,0.02,13.85,6.71,80,80
ASHIMASYN,19.73,16.87,0.25,9.37,18.73,80,80
ASHOKA,13.36,31.47,0.99,10.85,22.31,60,60
ASHOKAMET,32.83,15.72,0.53,20.48,19.64,80,80
ASHOKLEY,21.5,11.13,0.73,6.64,6.05,20,20
ASIANENE,30.75,14.17,0.16,29.54,15.73,80,80
ASIANHOTNR,35.47,19.04,0.62,16.96,20.31,80,80
ASIANPAINT,11.18,13.66,0.6,21.05,14.64,40,40
ASIANTILES,16.78,18.79,0.68,6.75,26.5,60,60
ASKAUTOLTD,21.92,19.52,0.23,15.57,34.85,100,100
ASMS,16.82,15.43,0.02,17.58,15.2,100,100
ASPINWALL,14.76,23.42,0.49,21.93,28.89,80,80
ASTAR,29.16,34.17,0.7,21.24,9.87,60,60
ASTEC,37.76,13.9,0.12,17.39,25.55,80,80
ASTERDM,27.37,22.14,0.74,10.01,25.33,80,80
ASTRAL,29.36,21.1,0.01,10.33,20.6,100,100
ASTRAMICRO,20.67,22.17,0.61,11.34,22.2,80,80
ASTRAZEN,32.27,10.13,0.12,18.23,20.78,80,80
ATALREAL,10.12,25.63,0.51,16.83,28.42,60,60
ATAM,35.3,11.56,0.01,13.63,17.93,80,80
ATGL,20.46,19.7,0.49,13.5,14.21,100,100
ATHERENERG,26.89,33.99,0.09,21.09,22.5,100,100
ATL,33.12,34.2,0.39,10.67,11.96,100,100
ATLANTAA,32.46,25.49,0.21,15.26,32.52,100,100
ATLANTAELE,14.51,14.59,0.37,12.82,32.35,60,60
ATLASCYCLE,33.47,31.77,0.75,17.82,34.32,80,80
ATUL,24.6,21.59,0.72,21.76,26.54,80,80
ATULAUTO,24.14,27.58,0.77,9.36,34.93,60,60
AUBANK,15.24,27.45,0.37,8.37,15.16,80,80
AURIGROW,17.63,33.99,0.61,23.95,22.18,80,80
AURIONPRO,30.69,24.87,0.15,7.07,34.84,80,80
AUROPHARMA,34.08,10.85,0.91,18.79,18.28,60,60
AURUM,39.1,24.39,0.86,17.03,8.94,60,60
AUSOMENT,20.55,18.13,0.46,11.13,11.87,100,100
AUTOAXLES,37.9,22.57,0.46,14.56,29.27,100,100
AUTOIND,20.26,21.8,1.0,9.1,32.59,60,60
AVAILFC,35.33,11.54,0.3,23.76,15.37,80,80
AVALON,38.47,12.56,0.49,28.38,14.28,80,80
AVANTEL,31.08,29.67,0.25,20.22,9.72,80,80
AVANTIFEED,17.24,13.07,0.09,25.86,7.16,60,60
AVG,11.6,32.25,0.62,14.19,9.42,40,40
AVL,31.78,13.74,0.73,10.08,11.26,60,60
AVONMORE,30.77,26.74,0.34,29.51,31.8,100,100
AVROIND,35.57,27.7,0.67,26.8,25.21,80,80
AVTNPL,30.67,22.0,0.6,5.81,6.41,40,40
AWFIS,23.17,14.66,0.09,19.5,12.1,80,80
AWHCL,20.94,14.31,0.11,11.05,13.3,80,80
AWL,34.61,10.74,0.3,28.7,10.52,80,80
AXISBANK,17.47,29.59,0.12,13.25,12.94,100,100
AXISCADES,10.42,11.5,0.09,14.98,6.31,40,40
AXITA,18.84,31.62,0.34,11.98,31.13,100,100
AYE,34.27,31.17,0.86,14.06,28.24,80,80
AYMSYNTEX,17.3,17.38,0.77,21.43,21.62,80,80
AZAD,19.49,21.71,0.19,14.96,29.79,100,100
BAGFILMS,25.0,34.09,0.8,6.03,20.16,60,60
BAIDFIN,20.83,20.13,0.2,13.29,15.02,100,100
BAJAJ-AUTO,14.47,29.3,0.82,19.11,25.0,60,60
BAJAJCON,18.9,22.55,0.13,17.63,19.54,100,100
BAJAJELEC,37.82,15.38,0.55,25.7,24.88,80,80
BAJAJFINSV,22.47,18.36,0.28,18.57,22.42,100,100
BAJAJHCARE,28.55,28.76,0.97,23.08,23.79,80,80
BAJAJHFL,38.75,26.0,0.91,9.83,34.94,60,60
BAJAJHIND,39.67,20.32,0.3,8.63,13.1,80,80
BAJAJHLDNG,16.2,20.81,0.35,25.08,21.52,100,100
BAJAJINDEF,23.08,16.51,0.84,28.05,15.61,80,80
BAJAJST,27.84,23.28,0.92,14.08,27.87,80,80
BAJEL,35.84,32.86,0.69,26.57,12.12,80,80
BAJFINANCE,21.66,11.05,0.4,14.08,21.17,80,80
BALAJEE,35.37,12.57,0.57,13.78,9.69,40,40
BALAJITELE,28.27,18.87,0.89,9.84,27.43,60,60
BALAMINES,35.9,26.38,0.73,25.7,26.76,80,80
BALKRISHNA,10.34,20.62,0.54,16.07,30.43,60,60
BALKRISIND,31.33,20.61,0.97,5.32,5.26,40,40
BALMLAWRIE,33.16,23.95,0.27,17.57,7.72,80,80
BALPHARMA,22.41,15.57,0.96,15.47,32.22,80,80
BALRAMCHIN,18.52,15.04,0.52,27.83,28.58,80,80
BALUFORGE,33.51,11.95,0.46,16.83,5.89,60,60
BANARBEADS,16.85,16.71,0.67,24.15,15.24,80,80
BANARISUG,33.47,25.88,0.45,21.51,31.71,100,100
BANCOINDIA,23.68,17.23,0.97,25.73,24.72,80,80
BANDHANBNK,12.22,16.46,0.23,27.84,14.47,80,80
BANG,16.07,23.6,0.11,18.29,9.66,80,80
BANKBARODA,12.49,21.26,0.82,26.34,28.38,60,60
BANKINDIA,21.68,19.23,0.07,24.08,30.02,100,100
BANSALWIRE,16.25,24.11,0.04,10.21,27.75,100,100
BANSWRAS,18.66,28.01,0.53,25.01,23.28,80,80
BASF,17.6,25.22,0.29,22.84,32.88,100,100
BASML,37.59,34.28,0.7,14.01,25.83,80,80
BATAINDIA,37.62,20.88,0.65,27.91,13.75,80,80
BATLIBOI,38.76,27.23,0.74,15.34,11.63,80,80
BAYERCROP,32.44,25.7,0.85,6.99,16.34,60,60
BBL,13.41,28.87,0.3,5.46,25.89,60,60
BBOX,25.04,18.04,0.87,23.86,10.23,80,80
BBTC,30.98,16.72,0.19,10.69,8.94,80,80
BBTCL,33.53,18.6,0.35,26.8,15.59,100,100
BCLIND,14.39,10.1,0.44,28.55,24.56,60,60
BCONCEPTS,16.82,16.1,0.42,16.83,14.45,100,100
BCPL,14.35,22.74,0.96,7.68,15.01,40,40
BDL,28.56,20.17,0.45,15.52,26.15,100,100
BEARDSELL,35.85,34.68,0.15,8.23,18.1,80,80
BECTORFOOD,28.12,30.88,0.64,7.87,6.25,40,40
BEEKAY,24.73,26.59,0.93,25.31,23.11,80,80
BEL,21.36,32.01,0.78,5.59,6.28,40,40
BELLACASA,28.71,30.02,0.54,6.65,22.68,60,60
BELRISE,24.4,31.66,0.92,7.84,12.23,60,60
BEML,35.65,27.1,0.29,27.18,31.03,100,100
BENGALASM,25.84,29.88,0.99,18.04,21.86,80,80
BEPL,25.56,26.64,0.49,5.26,10.21,80,80
BERGEPAINT,17.21,16.27,0.66,9.44,33.59,60,60
BESTAGRO,28.37,21.52,0.41,22.17,18.73,100,100
BETA,29.89,18.68,0.26,15.77,18.35,100,100
BFINVEST,35.46,15.16,0.74,28.49,7.23,60,60
BFUTILITIE,15.21,25.37,0.76,7.59,19.79,60,60
BHAGCHEM,23.55,10.68,0.22,7.28,29.08,60,60
BHAGERIA,13.66,22.07,0.45,14.65,33.97,80,80
BHARATCOAL,25.87,25.68,0.57,10.32,9.47,60,60
BHARATFORG,35.84,16.53,0.61,16.81,8.04,60,60
BHARATGEAR,20.38,28.24,0.78,29.41,20.53,80,80
BHARATRAS,14.96,25.58,0.39,20.17,12.28,80,80
BHARATSE,35.89,22.07,0.32,25.17,12.69,100,100
BHARATWIRE,29.99,26.91,0.93,28.09,20.39,80,80
BHARTIARTL,27.75,23.7,0.4,18.87,8.33,80,80
BHARTIHEXA,13.63,21.58,0.11,26.31,20.92,80,80
BHEL,25.97,16.49,0.06,26.79,11.52,100,100
BI,37.43,21.56,0.31,11.49,13.39,100,100
BIGBLOC,39.73,26.97,0.62,7.68,33.81,60,60
BIKAJI,17.81,16.39,0.29,8.43,16.5,80,80
BIL,18.99,10.62,0.94,14.61,18.94,60,60
BIMETAL,26.29,25.91,0.33,25.71,18.86,100,100
BIOCON,29.71,13.36,0.54,29.62,11.58,60,60
BIOFILCHEM,22.48,12.58,0.81,21.2,6.22,40,40
BIRLACORPN,15.95,28.62,0.0,15.92,19.15,100,100
BIRLAMONEY,10.87,13.65,0.49,21.4,22.77,60,60
BIRLANU,32.66,18.95,0.85,13.96,30.42,80,80
BIRLAPREC,16.75,22.22,0.81,29.02,12.18,80,80
BLACKBUCK,31.96,26.16,0.12,29.8,18.96,100,100
BLACKROSE,27.92,28.05,0.71,26.65,24.11,80,80
BLAL,15.88,34.84,0.47,7.76,23.67,80,80
BLIL,10.46,25.62,0.85,14.16,28.64,60,60
BLISSGVS,16.12,15.3,0.61,8.32,15.93,60,60
BLKASHYAP,16.25,16.44,0.14,5.28,21.13,80,80
BLS,17.71,24.05,0.71,7.37,16.24,60,60
BLSE,11.43,25.85,0.87,11.13,14.96,60,60
BLUECHIP,14.51,29.11,0.24,5.9,24.74,60,60
BLUEDART,34.58,16.09,0.1,11.16,24.6,100,100
BLUEJET,19.48,20.61,0.14,5.13,21.87,80,80
BLUESTARCO,22.98,26.42,0.41,23.51,23.74,100,100
BLUESTONE,10.8,12.92,0.47,9.6,33.09,40,40
BLUSPRING,12.08,30.78,0.19,29.9,19.62,80,80
BMWVENTLTD,17.51,16.14,0.72,6.84,33.96,60,60
BNAGROCHEM,36.8,14.41,0.11,7.3,18.33,60,60
BNALTD,18.12,27.21,0.61,28.92,27.45,80,80
BODALCHEM,10.38,10.22,0.89,27.8,19.84,40,40
BOMDYEING,13.56,30.72,0.17,10.53,8.91,60,60
BONLON,13.12,20.72,0.45,6.19,10.5,60,60
BORANA,24.5,12.05,0.39,22.94,16.79,80,80
BOROLTD,28.02,29.56,0.35,29.43,25.95,100,100
BORORENEW,30.3,22.5,0.08,25.74,7.21,80,80
BOROSCI,20.09,16.65,0.87,6.16,29.35,60,60
BOSCH-HCIL,32.71,25.68,0.06,14.14,6.0,80,80
BOSCHLTD,13.9,33.31,0.13,8.23,34.94,60,60
BPCL,17.9,29.12,0.5,12.82,19.49,80,80
BPL,18.67,10.03,0.57,14.98,32.56,60,60
BRIGADE,15.06,25.27,0.44,10.58,30.32,100,100
BRIGHOTEL,35.76,31.86,0.31,12.41,18.0,100,100
BRITANNIA,16.96,18.08,0.53,24.92,8.95,60,60
BRNL,25.71,21.8,0.12,10.62,7.29,80,80
BSE,13.42,10.81,0.18,6.5,27.16,40,40
BSL,13.61,34.27,0.89,6.24,23.69,40,40
BSOFT,24.83,17.88,0.56,20.5,34.27,80,80
BTML,19.41,32.08,0.55,17.43,16.75,80,80
BTTL,36.87,21.24,0.3,25.78,12.82,100,100
BUILDPRO,36.29,21.98,0.93,11.21,24.94,80,80
BUTTERFLY,17.41,12.48,0.95,16.09,28.97,60,60
BVCL,13.88,18.73,0.95,18.86,21.93,60,60
CAMLINFINE,22.7,27.25,0.98,28.83,22.27,80,80
CAMPUS,31.68,16.03,0.35,12.5,33.99,100,100
CAMS,20.67,20.19,0.89,22.68,7.16,60,60
CANBK,37.01,26.06,0.33,22.85,6.18,80,80
CANFINHOME,33.46,18.14,0.82,13.69,23.13,80,80
CANHLIFE,19.92,11.32,0.14,29.93,19.5,80,80
CANTABIL,26.54,19.82,0.6,19.87,34.96,80,80
CAPACITE,22.28,18.23,0.5,26.01,17.35,80,80
CAPILLARY,13.43,25.47,0.99,9.75,15.16,40,40
CAPITALSFB,15.22,18.63,0.66,25.93,5.53,60,60
CAPLIPOINT,25.51,30.43,0.66,23.26,8.57,60,60
CARBORUNIV,30.58,14.38,0.02,22.5,6.48,60,60
CARERATING,36.24,28.35,0.04,16.01,19.34,100,100
CARRARO,29.33,33.21,0.44,15.36,10.71,100,100
CARTRADE,34.34,19.68,0.61,8.67,30.99,60,60
CARYSIL,30.32,28.18,0.53,21.04,17.53,80,80
CASTROLIND,38.13,32.24,0.68,15.12,34.41,80,80
CCAVENUE,30.69,31.0,0.59,13.68,31.79,80,80
CCCL,14.86,19.78,0.44,27.57,32.22,80,80
CCHHL,18.05,12.32,0.13,26.43,12.81,80,80
CCL,36.71,21.95,0.99,12.7,20.32,80,80
CDSL,26.31,34.86,0.14,23.31,34.83,100,100
CEATLTD,18.58,18.03,0.8,22.08,16.15,80,80
CEIGALL,31.55,24.87,0.68,16.53,6.65,60,60
CEINSYS,36.81,18.85,0.69,9.87,34.08,60,60
CELEBRITY,34.85,30.46,0.07,14.63,30.66,100,100
CELLO,11.98,26.17,0.83,14.47,23.75,60,60
CEMPRO,29.79,20.97,0.05,9.51,20.07,80,80
CENTENKA,21.09,13.91,0.9,9.39,20.62,40,40
CENTEXT,29.77,22.56,0.84,8.56,10.26,60,60
CENTRALBK,15.61,21.26,0.62,20.99,12.48,80,80
CENTRUM,11.04,22.81,0.89,13.2,5.97,40,40
CENTUM,39.67,19.15,0.41,19.78,8.5,80,80
CENTURYPLY,18.9,15.05,0.41,16.43,30.89,100,100
CERA,18.68,26.12,0.18,12.67,27.84,100,100
CESC,18.45,27.89,0.62,20.88,26.06,80,80
CEWATER,28.09,34.38,0.12,22.0,11.37,100,100
CGCL,13.79,25.52,0.32,27.46,18.17,80,80
CGPOWER,15.59,13.31,0.08,14.6,26.05,80,80
CHALET,37.43,30.69,0.25,10.06,29.12,100,100
CHAMBLFERT,13.84,32.71,0.03,25.75,32.59,80,80
CHEMCON,37.07,12.55,0.47,5.69,28.13,60,60
CHEMPLASTS,23.14,17.69,0.67,27.21,30.89,80,80
CHENNPETRO,13.01,29.15,0.22,9.35,8.57,40,40
CHEVIOT,27.74,28.1,0.97,29.12,17.28,80,80
CHOICEIN,26.01,27.23,0.41,5.33,27.87,80,80
CHOLAFIN,26.7,22.96,0.04,22.39,9.76,80,80
CHOLAHLDNG,20.06,27.35,0.29,11.4,19.42,100,100
CIEINDIA,37.15,30.06,0.33,24.26,11.87,100,100
CIFL,18.46,23.45,0.47,14.51,29.98,100,100
CINELINE,35.91,34.46,0.58,28.71,15.1,80,80
CINEVISTA,38.16,31.99,0.92,23.77,11.82,80,80
CIPLA,35.24,12.45,0.54,13.71,16.17,60,60
CLEAN,18.19,28.09,0.34,7.88,14.47,80,80
CLEANMAX,28.19,32.35,0.81,27.09,5.98,60,60
CLSEL,19.62,25.38,0.16,5.31,11.56,80,80
CMPDI,34.08,32.53,0.68,16.95,32.52,80,80
CMSINFO,30.99,22.18,0.03,13.84,5.21,80,80
CNL,25.32,16.89,0.69,17.28,12.95,80,80
COALINDIA,25.1,23.07,0.11,8.7,29.85,80,80
COASTCORP,16.63,12.71,0.35,10.05,6.9,60,60
COCHINSHIP,24.12,26.46,0.22,18.69,6.1,80,80
COCKERILL,20.74,27.76,0.74,16.71,29.64,80,80
COFFEEDAY,15.68,25.56,0.54,26.96,7.65,60,60
COFORGE,14.37,20.92,0.57,5.56,5.82,20,20
COHANCE,14.0,12.88,0.89,23.73,7.37,20,20
COLPAL,34.6,25.3,0.73,24.31,10.03,80,80
COMFINTE,25.51,18.78,0.91,19.4,31.26,80,80
COMPUSOFT,17.47,32.88,0.12,28.12,34.88,100,100
COMSYN,27.08,11.7,0.25,26.71,11.01,80,80
CONCOR,27.93,10.07,0.66,15.72,8.77,40,40
CONCORDBIO,24.49,20.95,0.74,20.23,29.54,80,80
CONFIPET,10.41,25.62,0.41,24.46,34.13,80,80
CONTROLPR,37.79,16.88,0.8,18.4,34.41,80,80
CORALFINAC,11.49,10.79,0.57,22.17,19.13,40,40
CORDSCABLE,27.99,28.54,0.34,5.95,23.4,80,80
COROMANDEL,38.46,34.64,0.99,13.77,23.27,80,80
CORONA,15.96,19.18,0.36,9.63,28.77,80,80
COSMOFIRST,18.46,23.77,0.74,13.64,23.41,80,80
COUNCODOS,10.03,16.3,0.35,11.59,15.14,80,80
CPEDU,36.89,26.03,0.69,15.63,21.69,80,80
CPPLUS,21.78,11.09,0.05,8.2,19.02,60,60
CRAFTSMAN,19.75,25.25,0.44,10.73,22.76,100,100
CRAMC,37.28,34.5,0.65,24.05,15.2,80,80
CREATIVEYE,38.3,24.74,0.42,26.56,29.09,100,100
CREDITACC,36.4,19.06,0.6,12.7,21.21,80,80
CREST,35.34,10.82,0.16,11.13,7.82,60,60
CRISIL,30.2,10.48,0.11,19.79,19.32,80,80
CRIZAC,13.68,26.19,0.44,13.64,24.37,80,80
CROMPTON,26.47,16.46,0.43,10.0,15.89,80,80
CROWN,13.89,14.85,0.2,10.65,27.56,60,60
CSBBANK,34.59,29.64,0.61,18.8,31.23,80,80
CSLFINANCE,20.53,20.21,0.32,17.6,8.21,80,80
CUB,10.87,33.08,0.66,5.24,33.07,40,40
CUBEXTUB,22.34,23.9,0.73,24.49,26.42,80,80
CUMMINSIND,14.43,30.69,0.55,16.6,26.63,60,60
CUPID,19.62,28.07,0.67,26.47,33.84,80,80
CYBERTECH,31.36,22.08,0.11,18.15,26.49,100,100
CYIENT,28.28,33.18,0.29,24.1,33.81,100,100
CYIENTDLM,17.56,29.52,0.79,8.82,26.18,60,60
DABUR,36.04,21.94,0.23,23.37,12.28,100,100
DAICHI,36.3,33.95,0.45,24.69,31.38,100,100
DALBHARAT,24.28,24.77,0.81,12.69,33.93,80,80
DALMIASUG,30.02,34.8,0.05,18.67,20.93,100,100
DAMCAPITAL,33.11,19.68,0.56,13.32,19.61,80,80
DAMODARIND,23.34,18.18,0.62,26.05,34.93,80,80
DANGEE,23.37,28.8,0.71,12.97,14.27,80,80
DATAMATICS,30.73,26.64,0.43,17.59,28.35,100,100
DATAPATTNS,14.2,34.26,0.84,20.24,8.05,40,40
DAVANGERE,37.4,13.92,0.65,22.42,32.41,60,60
DBCORP,12.56,26.18,0.39,21.73,22.99,80,80
DBEIL,23.39,11.91,0.1,27.35,31.95,80,80
DBL,24.09,32.95,0.41,5.08,12.68,80,80
DBREALTY,21.07,14.62,0.64,12.01,21.56,60,60
DBSTOCKBRO,21.58,24.82,0.08,5.13,14.34,80,80
DCAL,16.36,18.73,0.27,8.03,25.85,80,80
DCBBANK,12.61,32.51,0.98,12.45,19.11,60,60
DCM,28.86,25.08,0.52,9.53,15.65,60,60
DCMNVL,13.17,27.0,0.11,18.69,12.18,80,80
DCMSHRIRAM,11.2,32.86,0.71,22.93,21.51,60,60
DCMSRIND,36.52,25.93,0.99,5.06,18.97,60,60
DCW,39.59,32.42,0.38,17.92,33.27,100,100
DCXINDIA,23.08,24.38,0.15,27.73,34.94,100,100
DDEVPLSTIK,36.79,29.4,0.79,26.09,25.69,80,80
DECCANCE,36.99,25.81,0.29,13.67,7.01,80,80
DECNGOLD,34.48,12.23,0.42,13.11,33.27,80,80
DEEDEV,15.15,10.81,0.29,24.65,6.64,60,60
DEEPAKFERT,29.94,31.08,0.43,28.28,21.71,100,100
DEEPAKNTR,35.8,19.01,0.29,21.51,29.2,100,100
DEEPINDS,35.28,25.51,0.31,7.9,10.17,80,80
DELHIVERY,25.39,24.94,0.36,12.92,28.21,100,100
DELPHIFX,11.74,19.28,0.11,28.74,13.1,80,80
DELTACORP,20.88,27.69,0.3,24.28,6.36,80,80
DELTAMAGNT,10.95,25.71,0.08,28.63,23.16,80,80
DEN,27.31,26.7,0.81,26.75,27.42,80,80
DENORA,19.31,22.96,0.35,6.73,30.25,80,80
DENTA,38.8,34.32,0.21,28.57,9.09,80,80
DEVIT,18.5,10.45,0.4,23.09,16.11,80,80
DEVX,35.0,13.62,0.39,11.7,25.75,80,80
DEVYANI,22.56,21.77,0.35,8.14,5.48,60,60
DGCONTENT,28.65,28.29,0.61,12.07,19.92,80,80
DHAMPURSUG,19.97,30.08,0.28,27.31,24.03,100,100
DHANBANK,37.71,27.8,0.46,24.97,10.22,100,100
DHANUKA,12.45,34.06,0.86,27.72,8.93,40,40
DHARMAJ,16.48,30.2,0.4,5.23,22.3,80,80
DHUNINV,32.02,32.59,0.47,18.67,7.51,80,80
DIACABS,22.45,21.1,0.57,18.88,6.53,60,60
DIAMINESQ,35.53,23.47,0.96,24.07,5.83,60,60
DIAMONDYD,20.25,27.85,0.26,16.94,16.34,100,100
DICIND,27.2,27.4,0.09,8.11,33.16,80,80
DIFFNKG,14.15,32.49,0.58,14.81,26.26,60,60
DIGIDRIVE,15.24,19.6,0.59,5.27,24.45,60,60
DIGITIDE,35.2,31.4,0.51,21.58,6.52,60,60
DIGJAMLMTD,33.29,24.96,0.36,11.22,7.02,80,80
DISAQ,21.97,13.36,0.28,23.06,29.29,80,80
DIVGIITTS,37.17,26.02,0.3,11.25,11.9,100,100
DIVISLAB,14.39,13.26,0.22,20.25,33.84,60,60
DIXON,30.27,22.75,0.91,21.66,17.59,80,80
DLF,29.84,18.53,0.51,12.99,16.09,80,80
DLINKINDIA,19.21,16.19,0.05,23.34,22.54,100,100
DMART,15.4,10.69,0.11,9.44,15.15,60,60
DMCC,35.73,16.58,0.46,23.23,11.51,100,100
DNAMEDIA,19.87,13.29,0.07,27.15,11.72,80,80
DODLA,31.28,23.8,0.21,17.97,31.28,100,100
DOLATALGO,30.91,31.48,0.96,24.46,11.87,80,80
DOLLAR,13.73,25.13,0.37,13.02,11.85,80,80
DOLPHIN,28.53,11.55,0.47,23.21,21.85,80,80
DOMS,31.51,11.18,0.89,27.17,34.85,60,60
DONEAR,33.15,32.37,0.86,18.17,13.74,80,80
DPABHUSHAN,10.53,20.1,0.96,6.55,29.27,40,40
DPSCLTD,31.45,18.65,0.66,26.61,34.83,80,80
DPWIRES,20.71,34.27,0.12,19.42,15.8,100,100
DRAGARWQ,17.76,21.81,0.09,27.48,24.98,100,100
DRCSYSTEMS,29.5,26.62,0.37,12.88,33.45,100,100
DREAMFOLKS,34.65,16.42,0.64,11.04,17.83,80,80
DREDGECORP,19.89,27.69,0.12,27.42,7.68,80,80
DRREDDY,32.48,27.3,0.51,26.91,12.74,80,80
DSFCL,32.84,24.25,0.97,14.19,8.2,60,60
DSSL,32.58,27.77,0.94,29.47,29.02,80,80
DTIL,27.46,15.13,0.94,22.68,33.4,80,80
DVL,32.27,28.63,0.61,7.05,17.99,60,60
DWARKESH,16.27,26.02,0.45,8.95,14.51,80,80
DYCL,15.11,17.75,0.02,24.61,27.79,100,100
DYNAMATECH,39.84,32.73,0.51,12.9,24.9,80,80
DYNPRO,35.28,25.17,0.69,22.64,33.29,80,80
EASEMYTRIP,34.29,15.25,0.26,10.28,20.64,100,100
EBGNG,21.31,12.85,0.02,8.28,11.01,60,60
ECLERX,22.56,19.93,0.25,8.28,32.21,80,80
ECOSMOBLTY,28.42,22.65,0.93,12.8,26.39,80,80
EDELWEISS,22.26,25.64,0.15,5.57,20.01,80,80
EFCIL,39.52,18.83,0.79,27.43,12.07,80,80
EICHERMOT,38.23,32.92,0.34,10.22,34.27,100,100
EIDPARRY,17.7,11.13,0.93,14.92,11.14,60,60
EIEL,15.77,19.31,0.58,17.58,21.45,80,80
EIFFL,24.91,26.95,0.89,13.06,32.52,80,80
EIHAHOTELS,10.42,12.72,0.8,11.99,14.54,40,40
EIHOTEL,26.0,21.73,0.03,6.1,33.29,80,80
EIMCOELECO,36.0,19.75,0.63,27.87,11.43,80,80
EKC,36.05,32.65,0.82,26.28,34.52,80,80
ELANTAS,32.69,28.69,0.79,10.5,31.78,80,80
ELCIDIN,18.28,24.14,0.37,27.14,28.63,100,100
ELDEHSG,10.91,19.36,0.42,22.52,8.36,60,60
ELECON,38.59,28.24,0.49,28.51,20.31,100,100
ELECTCAST,10.98,24.49,0.22,21.1,24.68,80,80
ELECTHERM,33.77,23.11,0.04,15.9,19.58,100,100
ELGIEQUIP,27.01,20.83,0.22,15.39,14.58,100,100
ELGIRUBCO,14.52,23.69,0.66,6.0,32.45,40,40
ELIN,11.3,31.28,0.59,6.6,18.44,40,40
ELITECON,18.35,19.27,0.17,6.5,5.88,60,60
ELLEN,18.82,25.7,0.49,8.66,7.3,60,60
ELPROINTL,31.46,31.57,0.08,5.16,15.44,80,80
EMAMILTD,21.19,27.37,0.1,9.91,25.64,80,80
EMAMIPAP,27.62,32.05,0.89,16.47,22.78,80,80
EMBDL,15.22,24.55,0.22,23.27,13.51,100,100
EMCURE,38.17,25.48,0.7,18.64,8.82,60,60
EMIL,33.61,31.78,0.78,24.82,26.55,80,80
EMKAY,23.65,12.49,0.86,7.32,5.56,20,20
EMMBI,20.89,14.13,0.39,7.12,8.65,40,40
EMMVEE,17.99,21.82,0.74,20.6,30.28,80,80
EMSLIMITED,16.44,21.77,0.45,13.57,19.91,100,100
EMUDHRA,16.71,15.03,0.49,21.87,19.26,100,100
ENDURANCE,17.76,13.68,0.95,10.04,23.51,60,60
ENERGYDEV,21.0,22.26,0.76,16.78,29.79,80,80
ENGINERSIN,39.32,32.9,0.87,14.78,21.76,80,80
ENIL,20.36,32.53,0.83,15.57,26.12,80,80
ENRIN,14.55,19.81,0.33,16.13,18.18,80,80
ENTERO,32.52,13.87,0.82,5.83,17.66,40,40
EPACK,25.15,14.61,0.33,21.76,27.25,80,80
EPACKPEB,23.28,31.27,0.75,10.7,19.1,80,80
EPIGRAL,10.15,17.46,0.21,23.53,22.15,80,80
EPL,36.61,10.88,0.89,26.16,7.49,40,40
EQUITASBNK,26.34,15.09,0.04,17.13,23.04,100,100
ERIS,20.97,27.78,0.07,27.86,14.0,100,100
ESABINDIA,11.53,22.92,0.65,22.78,13.35,60,60
ESAFSFB,24.17,10.12,0.02,13.45,33.96,80,80
ESCORTS,12.93,25.28,0.18,5.44,33.24,60,60
ESSARSHPNG,11.51,26.61,0.54,14.56,11.55,60,60
ESSENTIA,23.74,11.37,0.73,22.17,9.62,40,40
ESTER,14.73,34.24,0.3,19.79,20.52,80,80
ETERNAL,37.09,21.35,0.63,7.41,27.36,60,60
ETHOSLTD,21.4,15.96,0.99,28.95,32.89,80,80
EUREKAFORB,27.85,34.51,0.86,16.51,28.57,80,80
EUROBOND,10.29,33.29,0.98,22.4,20.82,60,60
EUROPRATIK,18.78,10.7,0.48,29.05,34.93,80,80
EUROTEXIND,26.82,12.86,0.75,16.45,19.97,60,60
EVEREADY,12.84,29.5,0.58,20.2,30.95,60,60
EVERESTIND,16.99,18.63,0.77,18.9,26.94,80,80
EXCELINDUS,21.72,25.0,0.16,16.69,12.88,100,100
EXCELSOFT,36.96,24.47,0.92,19.52,11.79,80,80
EXICOM,32.09,34.7,0.55,15.1,34.98,80,80
EXIDEIND,26.56,21.81,0.45,17.69,30.77,100,100
EXPLEOSOL,12.5,14.46,0.14,19.83,14.35,60,60
EXXARO,36.06,10.24,0.49,17.49,22.65,80,80
FABTECH,25.23,12.07,0.91,9.84,12.79,40,40
FACT,24.05,25.9,0.48,28.76,27.19,100,100
FAIRCHEMOR,27.31,11.02,0.58,15.3,29.3,60,60
FCL,35.98,20.56,0.48,11.09,14.78,100,100
FDC,35.38,17.36,0.84,7.7,12.26,60,60
FEDDERSHOL,16.15,17.34,0.2,19.2,30.31,100,100
FEDERALBNK,26.17,18.11,0.84,29.58,33.38,80,80
FEDFINA,10.66,14.72,0.02,13.55,20.11,60,60
FERMENTA,10.92,27.74,0.53,5.11,7.82,20,20
FIEMIND,15.21,18.38,0.04,8.48,10.64,80,80
FILATEX,34.37,29.61,0.7,20.65,9.85,60,60
FINCABLES,28.29,29.74,0.25,19.32,21.91,100,100
FINEORG,16.42,17.24,0.08,15.2,10.31,100,100
FINKURVE,39.01,14.23,0.6,9.34,17.65,40,40
FINOPB,31.05,23.21,0.79,12.22,15.51,80,80
FINPIPE,10.85,17.15,0.95,27.98,9.32,40,40
FIRSTCRY,24.64,14.62,0.1,15.74,11.09,80,80
FISCHER,36.05,11.99,0.72,23.45,13.17,60,60
FIVESTAR,23.39,23.63,0.29,15.53,23.39,100,100
FLAIR,26.73,22.13,0.11,10.18,26.79,100,100
FLEXITUFF,27.44,16.98,0.33,17.78,26.19,100,100
FLUOROCHEM,34.96,11.09,0.63,21.48,14.26,60,60
FMGOETZE,13.05,34.68,0.33,7.57,12.79,60,60
FMNL,34.13,20.28,1.0,18.63,19.93,80,80
FOCUS,12.87,20.67,0.39,28.55,20.48,80,80
FOODSIN,28.99,32.15,0.08,17.88,11.84,100,100
FORCEMOT,26.94,31.13,0.47,19.01,30.41,100,100
FORTIS,15.4,34.75,0.24,26.88,23.08,100,100
FOSECOIND,27.53,21.81,0.52,6.73,10.97,60,60
FRACTAL,24.64,26.1,0.26,7.45,17.64,80,80
FRONTSP,20.93,33.24,0.61,27.79,9.62,60,60
FSL,14.09,23.98,0.12,14.15,22.88,80,80
FUSION,32.42,31.24,0.89,16.37,11.15,80,80
GABRIEL,15.37,10.44,0.4,21.39,30.94,80,80
GAEL,22.58,20.97,0.34,23.4,22.3,100,100
GAIL,27.73,31.88,0.66,5.28,14.91,60,60
GALAPREC,25.1,10.46,0.12,26.48,29.73,80,80
GALAXYSURF,30.72,21.14,0.64,5.35,33.44,60,60
GALLANTT,27.17,18.47,0.33,18.71,29.7,100,100
GANDHAR,37.46,33.73,0.87,13.47,8.17,60,60
GANDHITUBE,35.36,21.03,0.81,9.04,24.55,60,60
GANECOS,21.86,10.81,0.04,8.22,28.14,60,60
GANESHBE,10.13,23.89,0.63,14.0,33.86,60,60
GANESHCP,17.0,28.45,0.31,22.8,26.81,100,100
GANESHHOU,15.45,21.19,0.28,24.86,11.58,100,100
GANGAFORGE,24.47,12.98,0.6,12.06,10.55,60,60
GANGESSECU,19.27,17.62,0.97,24.24,29.09,80,80
GARFIBRES,35.75,33.92,0.59,25.26,13.16,80,80
GARUDA,10.68,21.19,0.15,15.65,30.1,80,80
GATECH,27.02,16.32,0.05,22.31,16.2,100,100
GATECHDVR,35.55,15.16,0.05,26.68,34.5,100,100
GATEWAY,36.65,15.54,0.88,5.3,26.2,60,60
GAYAHWS,35.31,11.17,0.81,20.69,26.48,60,60
GCSL,20.93,17.12,0.64,17.65,9.22,60,60
GEECEE,19.0,13.85,0.25,25.06,22.99,80,80
GEEKAYWIRE,21.24,25.11,0.25,18.63,19.89,100,100
GENCON,15.34,16.47,0.74,12.33,31.99,80,80
GENESYS,17.57,20.99,0.31,6.4,13.52,80,80
GENUSPAPER,28.47,14.66,0.57,20.58,8.32,40,40
GENUSPOWER,22.82,19.29,0.26,19.69,7.69,80,80
GEOJITFSL,18.69,19.12,0.6,17.73,22.8,80,80
GESHIP,24.61,14.34,0.66,17.57,24.3,60,60
GFLLIMITED,38.45,10.69,0.46,10.71,34.6,80,80
GHCL,16.64,19.67,0.9,21.09,17.5,80,80
GHCLTEXTIL,25.14,21.98,0.06,24.32,29.61,100,100
GICHSGFIN,30.59,18.03,0.86,10.33,28.76,80,80
GICL,28.58,20.05,0.0,26.32,21.25,100,100
GICRE,35.98,34.28,0.82,7.73,20.32,60,60
GILLANDERS,39.4,26.16,0.97,9.8,13.54,60,60
GILLETTE,15.96,20.83,0.44,24.4,14.48,100,100
GINNIFILA,22.14,19.36,0.53,26.58,7.67,60,60
GIPCL,33.25,23.85,0.82,8.22,9.17,40,40
GKENERGY,30.23,34.62,0.69,10.66,19.1,80,80
GKSL,21.89,11.34,0.28,8.78,24.71,60,60
GKWLIMITED,28.77,27.81,0.2,7.74,20.88,80,80
GLAND,10.85,11.48,0.22,24.31,25.33,60,60
GLAXO,16.01,28.8,0.37,23.32,19.45,100,100
GLENMARK,34.02,33.46,0.04,6.17,23.85,80,80
GLOBAL,24.3,20.91,0.35,16.24,15.87,100,100
GLOBALVECT,28.59,11.31,0.92,24.16,26.87,60,60
GLOBE,23.22,24.1,0.58,19.89,12.98,80,80
GLOBUSSPR,38.54,14.39,0.14,23.92,12.07,80,80
GLOSTERLTD,11.14,14.48,0.93,8.41,25.82,20,20
GLOTTIS,29.82,24.29,0.16,28.84,9.78,80,80
GMBREW,11.7,21.88,0.24,29.18,33.61,80,80
GMDCLTD,19.82,22.36,0.43,13.98,31.07,100,100
GMMPFAUDLR,29.58,25.18,0.85,10.04,12.09,80,80
GMRAIRPORT,23.01,30.19,0.57,22.84,27.42,80,80
GMRP&UI,35.09,26.42,0.05,17.36,29.54,100,100
GNA,13.5,13.51,0.75,16.78,20.14,40,40
GNFC,33.3,15.94,0.25,14.38,5.97,80,80
GNRL,25.31,11.01,0.15,13.23,30.65,80,80
GOACARBON,19.35,13.02,0.46,15.24,25.07,80,80
GOCLCORP,24.41,19.44,0.97,27.71,19.76,80,80
GOCOLORS,33.69,21.89,0.53,9.05,34.86,60,60
GODAVARIB,16.35,15.57,0.21,20.94,5.57,80,80
GODFRYPHLP,14.63,19.41,0.4,24.92,7.91,60,60
GODIGIT,34.46,13.98,0.85,10.1,32.96,60,60
GODREJAGRO,39.55,31.38,0.69,9.02,21.62,60,60
GODREJCP,14.64,26.19,0.15,10.13,29.33,80,80
GODREJIND,36.26,27.03,0.31,7.76,8.67,60,60
GODREJPROP,33.89,26.84,0.79,20.56,27.16,80,80
GOKEX,18.85,22.08,0.61,25.93,7.34,60,60
GOKUL,25.52,21.27,0.47,21.36,25.59,100,100
GOKULAGRO,29.08,11.05,0.52,5.5,24.17,40,40
GOLDIAM,21.57,10.41,0.4,19.1,22.62,80,80
GOLDTECH,37.41,12.22,0.67,11.08,10.96,60,60
GOODLUCK,20.98,32.1,0.03,18.22,18.5,100,100
GOODYEAR,30.79,31.0,0.41,25.13,12.49,100,100
GOPAL,36.93,14.05,0.79,26.83,23.44,60,60
GOYALALUM,15.81,26.47,0.16,19.44,24.29,100,100
GPIL,14.53,22.79,0.12,12.96,8.59,60,60
GPPL,23.19,31.63,0.55,29.82,15.46,80,80
GPTHEALTH,17.07,19.65,0.06,27.91,24.03,100,100
GPTINFRA,32.03,18.32,0.07,18.05,5.51,80,80
GRANDOAK,35.03,16.26,0.75,20.01,32.74,80,80
GRANULES,36.18,24.31,0.81,14.96,9.15,60,60
GRAPHITE,12.78,12.54,0.94,18.67,17.12,40,40
GRASIM,10.91,26.98,0.66,11.02,11.41,60,60
GRAUWEIL,19.68,18.32,0.62,20.95,17.72,80,80
GRAVISSHO,37.66,23.21,0.33,13.77,33.5,100,100
GRAVITA,11.0,30.52,0.52,6.16,31.87,40,40
GREAVESCOT,34.92,10.19,0.34,8.61,14.09,60,60
GREENLAM,21.71,25.36,0.96,29.81,19.06,80,80
GREENPANEL,33.1,10.7,0.1,9.2,18.39,60,60
GREENPLY,10.76,25.13,0.34,27.32,27.24,80,80
GREENPOWER,14.97,18.8,0.91,13.51,28.57,60,60
GRINDWELL,29.18,23.34,0.97,10.31,34.92,80,80
GRINFRA,17.64,24.91,0.03,15.95,30.44,100,100
GRMOVER,38.15,12.24,0.22,12.74,26.44,80,80
GROBTEA,30.62,13.14,0.83,9.83,27.27,40,40
GROWW,33.6,25.24,0.77,23.83,32.49,80,80
GRPLTD,28.66,32.37,0.31,16.88,13.75,100,100
GRSE,34.74,13.01,0.98,12.52,13.96,60,60
GRWRHITECH,28.13,20.08,0.96,16.98,10.25,80,80
GSFC,31.91,30.48,0.44,22.32,29.59,100,100
GSLSU,23.34,33.89,0.93,11.75,22.02,80,80
GSPCROP,29.95,32.08,0.39,28.05,5.88,80,80
GTECJAINX,29.65,18.47,0.51,10.0,9.92,40,40
GTLINFRA,33.15,31.63,0.59,27.63,7.57,60,60
GTPL,23.68,18.93,0.15,16.15,34.32,100,100
GUFICBIO,25.28,20.82,0.89,21.12,24.19,80,80
GUJALKALI,23.29,30.71,0.74,22.29,26.52,80,80
GUJAPOLLO,34.23,21.62,0.07,15.36,7.06,80,80
GUJGASLTD,30.36,19.55,0.17,28.15,21.0,100,100
GUJRAFFIA,26.66,31.67,0.33,8.45,31.62,80,80
GUJTHEM,11.8,21.01,0.93,24.86,33.26,60,60
GULFOILLUB,20.17,17.72,0.38,21.81,33.68,100,100
GULFPETRO,24.86,17.51,0.93,9.56,33.6,60,60
GULPOLY,16.15,21.09,0.7,11.31,5.92,60,60
GVPTECH,32.38,31.16,0.55,8.57,25.39,60,60
GVT&D,14.93,27.03,0.66,25.75,11.26,60,60
HAL,38.22,27.44,0.38,23.56,11.92,100,100
HALDER,40.0,32.31,0.9,24.86,17.35,80,80
HALDYNGL,16.46,28.06,0.63,8.14,24.64,60,60
HALEOSLABS,24.56,26.22,0.6,24.62,25.11,80,80
HAPPSTMNDS,28.55,20.13,0.37,28.07,6.2,80,80
HAPPYFORGE,14.75,10.15,0.23,10.42,32.3,60,60
HARDWYN,39.07,11.15,0.03,20.4,26.18,80,80
HARIOMPIPE,19.98,17.42,0.38,15.61,27.13,100,100
HARRMALAYA,36.13,34.17,0.25,21.18,24.39,100,100
HARSHA,14.27,16.33,0.46,9.97,15.26,60,60
HATHWAY,21.37,28.7,0.17,18.31,5.75,80,80
HATSUN,21.7,18.85,0.63,27.67,27.83,80,80
HAVELLS,37.1,23.52,0.66,9.69,9.59,40,40
HAWKINCOOK,21.42,29.94,0.92,9.25,19.26,60,60
HBESD,18.57,15.28,0.04,21.97,22.7,100,100
HBLENGINE,32.17,26.09,0.97,26.8,20.58,80,80
HCC,32.13,26.46,0.63,20.21,17.64,80,80
HCG,13.24,33.9,0.65,12.35,27.49,60,60
HCL-INSYS,12.07,31.12,0.48,15.67,8.74,60,60
HCLTECH,24.86,22.16,0.15,28.44,27.9,100,100
HDBFS,30.61,15.31,0.41,24.84,21.0,100,100
HDFCAMC,35.71,27.3,0.29,26.32,18.58,100,100
HDFCBANK,31.98,22.62,0.31,13.35,30.13,100,100
HDFCLIFE,17.68,12.32,0.82,6.74,18.75,40,40
HEADSUP,28.74,10.28,0.65,8.64,30.79,40,40
HEALTHX,13.62,20.15,0.31,24.47,11.58,80,80
HECPROJECT,37.04,14.31,0.74,20.86,31.27,60,60
HEG,38.55,19.17,0.77,13.76,5.48,60,60
HEIDELBERG,26.17,11.03,0.09,23.61,8.61,60,60
HEMIPROP,34.79,31.28,0.79,22.85,18.16,80,80
HERANBA,25.72,24.66,0.03,14.66,22.05,100,100
HERITGFOOD,39.37,24.51,0.55,28.05,5.99,60,60
HEROMOTOCO,39.04,13.0,0.31,15.4,6.14,60,60
HESTERBIO,33.74,27.55,0.74,19.17,8.63,60,60
HEXATRADEX,37.05,31.36,0.98,17.02,26.3,80,80
HEXT,31.68,20.34,0.67,28.18,30.91,80,80
HFCL,29.55,13.54,0.47,27.5,8.06,60,60
HGINFRA,17.86,13.9,0.73,22.41,9.14,40,40
HGM,18.04,20.23,0.56,6.72,34.21,60,60
HGS,19.82,29.75,0.21,19.84,14.39,100,100
HIKAL,27.93,17.62,0.16,20.91,18.51,100,100
HILTON,38.29,25.62,0.05,7.5,23.98,80,80
HIMATSEIDE,12.06,24.66,0.81,23.14,15.63,60,60
HINDALCO,15.57,32.3,0.29,21.53,24.16,100,100
HINDCOMPOS,13.62,17.35,0.55,27.34,15.49,60,60
HINDCOPPER,32.48,22.42,0.39,5.98,14.99,80,80
HINDOILEXP,33.05,19.3,0.23,10.11,27.77,100,100
HINDPETRO,19.46,11.96,0.49,15.29,8.44,60,60
HINDUNILVR,15.57,23.37,0.87,18.07,23.66,80,80
HINDWAREAP,39.45,16.09,0.76,22.59,18.61,80,80
HINDZINC,28.3,29.08,0.82,24.75,23.38,80,80
HIRECT,27.25,31.98,0.53,5.32,9.39,40,40
HISARMETAL,20.94,34.39,0.99,5.82,32.65,60,60
HITECH,37.87,22.11,0.73,25.0,25.27,80,80
HITECHCORP,28.19,30.34,0.7,24.15,11.21,80,80
HLEGLAS,27.08,33.62,0.79,5.83,25.24,60,60
HLVLTD,24.13,15.47,0.79,9.58,31.45,60,60
HMAAGRO,11.85,29.29,0.56,5.07,19.67,40,40
HMVL,24.39,18.68,0.37,15.9,14.11,100,100
HNDFDS,36.32,12.65,0.22,27.82,5.08,60,60
HOMEFIRST,21.72,27.14,0.27,29.05,33.73,100,100
HONASA,32.73,30.12,0.57,12.6,27.5,80,80
HONAUT,20.94,32.36,0.2,19.04,23.68,100,100
HONDAPOWER,31.76,20.35,0.69,17.43,26.28,80,80
HPAL,37.12,23.35,0.93,13.39,31.47,80,80
HPIL,33.45,33.77,0.57,14.03,23.85,80,80
HPL,32.61,29.61,0.87,14.08,24.57,80,80
HSCL,20.55,28.43,0.91,7.91,30.27,60,60
HTMEDIA,24.35,27.73,0.8,12.47,13.87,80,80
HUBTOWN,21.8,32.26,0.97,11.26,33.24,80,80
HUDCO,15.12,17.89,0.54,24.3,13.38,80,80
HUHTAMAKI,30.28,23.61,0.37,14.19,18.67,100,100
HYBRIDFIN,24.37,19.22,0.54,15.25,32.96,80,80
HYUNDAI,34.79,27.46,0.05,10.67,21.47,100,100
IBULLSLTD,22.7,34.53,0.87,24.47,23.8,80,80
ICEMAKE,30.76,10.49,0.09,9.46,24.14,60,60
ICICIAMC,16.9,27.49,0.79,28.09,11.17,80,80
ICICIBANK,28.42,19.04,0.1,5.08,10.5,80,80
ICICIGI,20.21,25.53,0.91,20.47,14.73,80,80
ICICIPRULI,23.76,17.5,0.99,7.67,18.84,60,60
ICIL,11.38,18.86,0.59,18.83,12.81,60,60
ICRA,39.35,28.38,0.65,16.12,7.0,60,60
IDBI,29.21,23.01,0.91,7.73,14.07,60,60
IDEA,18.87,22.13,0.81,5.15,15.69,60,60
IDEAFORGE,24.17,28.32,0.4,29.62,28.48,100,100
IDFCFIRSTB,33.37,17.36,0.88,18.43,7.97,60,60
IEX,29.95,23.6,0.94,11.56,15.49,80,80
IFBAGRO,26.04,28.57,0.44,19.46,6.44,80,80
IFBIND,32.18,32.58,0.3,11.14,20.29,100,100
IFCI,24.93,32.86,0.45,8.53,8.15,60,60
IFGLEXPOR,32.25,14.4,0.98,21.77,21.25,60,60
IGARASHI,15.95,10.53,0.9,23.79,14.1,60,60
IGCL,13.75,34.53,0.29,10.12,19.87,80,80
IGIL,22.73,24.93,0.42,16.82,16.93,100,100
IGL,32.47,24.46,0.87,12.63,9.29,60,60
IGPL,36.67,23.2,0.14,10.87,28.6,100,100
IIFL,28.46,10.52,0.89,13.9,10.79,60,60
IIFLCAPS,28.11,27.37,0.49,19.14,20.27,100,100
IITL,29.91,13.37,0.55,29.63,29.1,60,60
IKIO,28.28,15.07,0.04,28.28,14.58,100,100
IKS,13.77,19.9,0.93,20.61,26.5,60,60
IMAGICAA,10.82,31.91,0.26,26.82,17.88,80,80
IMFA,18.81,11.84,0.73,26.29,32.64,60,60
IMPAL,25.19,17.93,0.65,23.79,16.47,80,80
INA,18.91,16.37,0.32,24.19,11.09,100,100
INCREDIBLE,39.28,21.98,0.38,17.06,7.62,80,80
INDBANK,19.68,14.1,0.05,19.53,30.96,80,80
INDGN,33.49,16.91,0.23,13.16,23.69,100,100
INDHOTEL,18.89,28.38,0.03,13.67,13.85,100,100
INDIACEM,23.91,26.55,0.39,24.3,27.54,100,100
INDIAGLYCO,35.24,22.12,0.75,26.93,13.82,80,80
INDIAMART,22.23,12.71,0.34,19.0,5.02,60,60
INDIANB,30.07,30.6,0.72,21.73,10.41,80,80
INDIANCARD,27.96,19.34,0.22,29.88,23.58,100,100
INDIANHUME,33.8,25.11,0.08,20.87,30.72,100,100
INDIASHLTR,11.53,22.92,0.37,12.99,5.72,60,60
INDIGO,16.66,19.1,0.26,27.17,5.67,80,80
INDIGOPNTS,15.6,21.14,0.87,8.71,14.78,60,60
INDIQUBE,38.44,18.22,0.03,16.93,30.44,100,100
INDNIPPON,25.1,25.13,0.42,8.21,30.06,80,80
INDOAMIN,36.41,20.09,0.2,21.4,27.23,100,100
INDOBORAX,23.45,32.48,0.01,11.77,24.42,100,100
INDOCO,28.53,22.07,0.0,15.34,30.54,100,100
INDOFARM,25.8,11.5,0.27,12.88,19.23,80,80
INDORAMA,26.98,22.14,0.14,25.3,11.48,100,100
INDOSTAR,39.42,32.16,0.42,17.2,19.31,100,100
INDOTECH,25.13,28.23,0.65,15.98,16.89,80,80
INDOTHAI,15.92,22.09,0.58,27.56,6.99,60,60
INDOUS,17.86,14.26,0.88,25.46,19.24,60,60
INDPRUD,37.24,26.47,0.2,28.98,28.21,100,100
INDRAMEDCO,23.22,11.39,0.29,5.96,30.14,60,60
INDSWFTLAB,33.57,31.06,0.91,25.26,11.98,80,80
INDTERRAIN,24.25,26.24,0.26,9.41,29.56,80,80
INDUSINDBK,17.26,12.55,0.77,17.27,9.2,40,40
INDUSTOWER,31.68,13.29,0.46,18.27,20.16,80,80
INFOBEAN,31.72,13.61,0.82,6.73,30.86,40,40
INFOMEDIA,26.97,15.6,0.22,21.54,18.56,100,100
INFY,19.02,10.13,0.7,22.05,13.64,60,60
INGERRAND,24.75,31.78,0.27,20.32,18.62,100,100
INNOVACAP,38.72,22.58,0.77,20.89,25.1,80,80
INNOVANA,36.0,29.64,0.51,17.11,11.54,80,80
INNOVISION,39.98,21.58,0.64,15.15,28.98,80,80
INOXGREEN,10.98,28.59,0.32,7.11,14.68,60,60
INOXINDIA,31.81,25.65,0.73,5.44,16.36,60,60
INOXWIND,20.82,28.4,0.55,23.53,14.82,80,80
INSECTICID,37.16,14.98,0.52,24.63,30.73,60,60
INTELLECT,12.75,13.13,0.15,13.32,11.69,60,60
INTENTECH,36.07,24.12,0.41,6.88,13.37,80,80
INTERARCH,27.73,32.37,0.31,19.78,11.11,100,100
INTLCONV,20.61,11.54,1.0,22.06,11.05,60,60
INVENTURE,32.96,15.93,0.05,10.25,32.26,100,100
INVPRECQ,22.91,20.41,0.68,11.3,9.18,60,60
IOB,15.58,34.0,0.14,20.84,13.21,100,100
IOC,11.34,15.86,0.72,19.37,14.5,60,60
IOLCP,14.7,12.03,0.88,16.16,26.85,40,40
IONEXCHANG,18.67,26.25,0.56,5.57,26.99,60,60
IPCALAB,35.37,14.04,0.22,26.88,26.8,80,80
IPL,15.3,21.07,0.04,23.92,13.07,100,100
IRB,34.86,34.75,0.17,23.31,5.23,80,80
IRCON,38.06,26.53,0.45,11.83,30.91,100,100
IRCTC,29.39,26.08,0.83,13.35,32.76,80,80
IREDA,29.0,15.12,0.78,28.83,11.25,80,80
IRFC,26.43,28.95,0.37,17.46,5.15,80,80
IRIS,24.38,27.27,0.3,14.32,29.78,100,100
IRISDOREME,22.73,17.37,0.98,17.52,21.1,80,80
IRMENERGY,11.4,21.26,0.74,29.07,31.53,60,60
ISFT,34.01,21.44,0.17,19.07,34.91,100,100
ISGEC,17.3,26.65,0.14,11.95,15.93,100,100
ISHANCH,31.41,14.82,0.52,18.64,21.39,60,60
ITC,32.01,32.85,0.55,28.75,16.68,80,80
ITCHOTELS,31.65,31.27,0.51,11.87,6.83,60,60
ITDC,27.88,25.12,0.41,27.5,6.42,80,80
ITI,13.6,24.69,0.93,23.6,15.63,60,60
IVALUE,17.42,19.33,0.68,27.33,27.51,80,80
IVC,21.61,21.76,0.19,7.36,25.74,80,80
IVP,12.84,16.48,0.08,9.68,20.68,60,60
IWP,28.73,34.79,0.04,7.08,28.95,80,80
IXIGO,36.95,13.83,0.23,25.46,25.67,80,80
J&KBANK,14.46,28.73,0.95,18.99,28.57,60,60
JAGRAN,17.3,15.36,0.89,11.66,25.83,80,80
JAGSNPHARM,38.29,10.15,0.67,8.13,17.47,40,40
JAIBALAJI,23.1,17.19,0.03,10.57,11.14,100,100
JAICORPLTD,11.29,19.75,0.31,5.39,9.76,40,40
JAINREC,28.21,10.74,0.51,14.06,30.75,60,60
JAIPURKURT,33.96,19.33,0.89,20.52,15.97,80,80
JAMNAAUTO,36.11,17.3,0.4,21.03,22.0,100,100
JARO,30.71,16.48,0.57,29.1,24.46,80,80
JASH,18.25,12.71,0.3,15.95,23.47,80,80
JAYAGROGN,23.48,26.46,0.68,11.23,22.15,80,80
JAYBARMARU,16.76,10.23,0.88,10.99,5.54,40,40
JAYKAY,15.16,13.35,0.7,29.84,19.64,60,60
JAYNECOIND,10.77,26.63,0.88,9.97,24.23,40,40
JAYSREETEA,12.34,33.66,0.56,17.09,29.85,60,60
JBCHEPHARM,10.22,25.55,0.32,8.53,33.29,60,60
JBMA,22.77,11.26,0.6,27.93,9.97,40,40
JETFREIGHT,11.19,16.81,0.13,25.25,14.81,80,80
JGCHEM,10.09,13.29,0.23,6.24,19.73,40,40
JINDALPHOT,11.0,19.94,0.75,9.29,13.25,40,40
JINDALPOLY,14.81,32.81,0.43,12.83,23.83,80,80
JINDALSAW,28.23,18.76,0.49,7.89,7.49,60,60
JINDALSTEL,28.43,12.19,0.95,10.47,8.34,40,40
JINDRILL,39.19,15.21,0.95,27.09,6.34,60,60
JINDWORLD,25.45,23.15,0.06,6.91,21.51,80,80
JIOFIN,32.71,26.65,0.87,27.39,27.58,80,80
JISLDVREQS,11.8,14.67,0.93,5.51,21.38,20,20
JISLJALEQS,34.97,11.52,0.47,21.38,24.8,80,80
JKCEMENT,37.34,24.33,0.15,20.52,8.65,80,80
JKIL,21.71,24.09,0.34,18.01,9.56,80,80
JKLAKSHMI,21.27,34.64,0.59,26.17,17.1,80,80
JKPAPER,35.73,27.2,0.29,18.78,32.81,100,100
JKTYRE,10.39,20.7,0.57,9.72,18.13,40,40
JLHL,30.38,26.65,0.3,8.04,32.55,80,80
JMA,33.5,21.83,0.27,25.24,29.13,100,100
JMFINANCIL,12.9,12.42,0.66,16.55,10.35,40,40
JNKINDIA,26.9,33.61,0.65,29.14,18.92,80,80
JOCIL,22.56,29.84,0.16,27.03,32.8,100,100
JPOLYINVST,39.87,22.47,0.81,18.5,18.97,80,80
JPPOWER,23.93,19.69,0.9,11.71,28.94,80,80
JSFB,31.19,20.08,0.96,24.82,13.58,80,80
JSL,24.12,17.13,0.88,19.52,14.86,80,80
JSLL,16.3,14.93,0.99,6.17,16.03,40,40
JSWCEMENT,32.97,30.05,0.66,11.38,10.28,80,80
JSWDULUX,39.02,19.16,0.86,14.06,28.3,80,80
JSWENERGY,15.57,28.8,0.32,7.98,11.17,80,80
JSWHL,29.74,12.31,0.73,29.78,16.3,60,60
JSWINFRA,30.78,12.84,0.73,18.68,24.43,60,60
JSWSTEEL,14.59,32.74,0.9,8.12,11.21,40,40
JTEKTINDIA,16.26,21.79,0.71,16.52,14.75,80,80
JTLIND,19.18,21.12,0.25,21.36,19.04,100,100
JUBLCPL,11.36,19.05,0.74,9.89,11.7,40,40
JUBLFOOD,32.81,11.29,0.04,18.69,11.14,80,80
JUBLINGREA,32.44,11.68,0.69,9.62,6.24,20,20
JUBLPHARMA,24.2,23.49,0.1,15.81,26.69,100,100
JUNIPER,33.39,10.19,0.27,28.34,10.11,80,80
JUSTDIAL,35.17,13.38,0.45,19.34,16.68,80,80
JWL,32.55,30.56,0.49,7.96,6.47,60,60
JYOTHYLAB,25.68,25.36,0.62,28.5,24.28,80,80
JYOTICNC,22.63,11.35,0.08,29.42,29.44,80,80
JYOTISTRUC,36.5,19.96,0.72,19.77,14.67,80,80
KABRAEXTRU,19.57,34.59,0.84,15.79,29.86,80,80
KAJARIACER,25.85,19.57,0.56,8.44,23.85,60,60
KALAMANDIR,39.34,28.85,0.1,7.06,20.77,80,80
KALPATARU,16.36,19.89,0.11,29.38,7.38,80,80
KALYANIFRG,12.07,17.45,0.05,29.23,28.71,80,80
KALYANKJIL,19.83,33.6,0.21,18.86,16.87,100,100
KAMAHOLD,35.69,31.75,0.85,6.93,22.95,60,60
KAMATHOTEL,30.93,14.16,0.54,8.53,26.1,40,40
KAMDHENU,37.88,21.36,0.47,15.82,12.0,100,100
KANANIIND,12.56,24.46,0.65,11.33,24.98,60,60
KANORICHEM,27.59,20.35,0.79,10.46,25.89,80,80
KANPRPLA,21.97,29.2,0.4,12.4,27.09,100,100
KANSAINER,12.06,10.13,0.57,21.67,30.09,40,40
KAPSTON,12.95,31.26,0.42,6.16,5.19,40,40
KARMAENG,14.23,30.37,0.97,18.11,8.22,40,40
KARURVYSYA,17.82,26.51,0.36,24.94,20.76,100,100
KAUSHALYA,18.05,13.34,0.62,18.63,14.27,60,60
KAYA,34.38,12.7,0.83,22.73,33.92,60,60
KAYNES,15.65,24.83,0.11,9.37,9.24,60,60
KCP,24.08,26.62,0.76,14.63,11.72,80,80
KCPSUGIND,34.07,16.64,0.75,6.51,28.8,60,60
KDDL,21.42,11.12,0.54,6.89,27.0,40,40
KEC,20.67,19.03,0.94,13.91,21.46,80,80
KEEPLEARN,23.87,21.2,0.58,5.81,15.84,60,60
KEI,24.74,12.68,0.48,18.4,7.83,60,60
KELLTONTEC,13.6,26.47,0.72,8.98,5.08,20,20
KENNAMET,16.09,25.74,0.22,23.61,11.16,100,100
KERNEX,33.84,10.55,0.37,22.69,5.41,60,60
KESORAMIND,35.52,22.94,0.75,11.21,30.9,80,80
KEYFINSERV,29.48,30.36,0.22,16.68,31.48,100,100
KFINTECH,28.66,21.92,0.38,7.11,5.49,60,60
KHADIM,13.83,14.57,0.86,17.19,15.82,40,40
KHANDSE,36.29,33.35,0.75,10.12,20.43,80,80
KICL,13.72,12.88,0.53,16.74,12.89,40,40
KILITCH,13.99,16.72,0.64,8.78,17.3,40,40
KIMS,14.89,29.13,0.01,8.13,5.51,40,40
KINGFA,18.1,25.77,0.25,28.47,10.72,100,100
KIOCL,16.79,33.24,0.47,10.96,31.59,100,100
KIRANVYPAR,13.01,26.28,0.53,23.05,33.49,60,60
KIRIINDUS,29.59,33.89,0.35,11.33,10.62,100,100
KIRLFER,34.81,13.81,0.5,9.72,22.82,40,40
KIRLOSBROS,32.52,31.3,0.39,23.79,28.49,100,100
KIRLOSENG,31.32,17.42,0.1,17.97,20.57,100,100
KIRLOSIND,38.52,34.32,0.05,7.62,15.25,80,80
KIRLPNU,33.84,26.75,0.55,27.98,31.28,80,80
KISSHT,13.06,27.46,0.51,19.39,5.42,40,40
KITEX,31.95,11.13,0.44,14.3,16.65,80,80
KKCL,12.93,30.67,0.03,6.39,25.31,60,60
KLBRENG-B,35.41,29.28,0.33,11.78,26.57,100,100
KMEW,28.19,27.5,0.13,24.44,24.75,100,100
KMSUGAR,20.58,23.19,0.11,18.68,17.27,100,100
KNAGRI,30.16,12.46,0.87,14.25,17.24,60,60
KNRCON,16.08,10.48,0.91,12.54,14.09,60,60
KOHINOOR,21.56,30.63,0.74,15.0,10.92,80,80
KOKUYOCMLN,15.8,12.71,0.49,27.53,10.58,80,80
KOLTEPATIL,33.4,12.41,0.09,12.71,16.27,80,80
KOPRAN,25.16,33.99,0.41,18.37,14.72,100,100
KOTAKBANK,12.86,22.25,0.59,19.41,14.78,60,60
KOTARISUG,18.66,17.94,0.53,17.55,7.62,60,60
KOTHARIPET,10.34,30.3,0.37,19.68,34.09,80,80
KOTHARIPRO,13.55,24.53,0.44,15.71,21.48,80,80
KOTIC,24.49,34.49,0.95,6.71,13.89,60,60
KOTYARK,34.29,13.15,0.92,18.26,26.32,60,60
KOVAI,39.94,23.49,0.88,21.78,6.91,60,60
KPEL,28.57,26.47,0.97,20.79,18.21,80,80
KPIGREEN,23.04,19.87,0.38,19.93,25.55,100,100
KPIL,25.05,11.11,0.99,29.56,20.14,60,60
KPITTECH,10.17,11.29,0.87,25.78,34.95,40,40
KPL,28.21,26.73,0.38,5.01,27.42,80,80
KPRMILL,21.77,18.26,0.54,18.17,23.57,80,80
KRBL,26.08,32.87,0.69,26.6,28.56,80,80
KRIDHANINF,29.89,19.33,0.51,8.02,6.97,40,40
KRISHANA,35.48,13.54,0.56,18.93,27.67,60,60
KRISHIVAL,38.17,17.32,0.29,28.72,14.33,100,100
KRISHNADEF,19.88,25.29,0.82,7.04,10.6,60,60
KRITIKA,15.72,15.18,0.19,13.75,31.12,100,100
KRN,32.32,18.93,0.8,7.61,31.65,60,60
KRONOX,39.8,16.01,0.92,16.99,20.37,80,80
KROSS,27.82,26.43,0.14,19.31,20.15,100,100
KRSNAA,14.89,12.65,0.77,29.61,32.7,40,40
KRYSTAL,13.78,34.45,0.33,26.75,27.77,80,80
KSB,16.81,10.82,0.5,8.87,27.57,40,40
KSCL,38.23,17.18,0.09,5.44,15.91,80,80
KSHINTL,24.56,32.23,0.53,8.44,6.49,40,40
KSL,37.99,14.88,0.66,24.72,10.0,40,40
KSOLVES,19.71,29.09,0.63,25.7,18.63,80,80
KTKBANK,12.83,11.54,0.84,18.59,6.97,20,20
KUANTUM,30.45,20.74,0.96,14.15,15.89,80,80
KWIL,27.49,23.54,0.7,11.92,24.77,80,80
LAGNAM,18.36,33.98,0.26,9.56,30.05,80,80
LAHOTIOV,33.57,11.5,0.23,9.74,13.87,60,60
LAL,25.8,26.1,0.56,12.17,27.97,80,80
LALPATHLAB,33.97,19.16,0.75,21.67,24.58,80,80
LAMBODHARA,34.11,23.52,0.37,19.73,19.06,100,100
LANDMARK,38.57,32.34,0.1,8.97,17.52,80,80
LANDSMILL,36.77,29.63,0.08,29.62,10.02,100,100
LAOPALA,37.62,29.6,0.81,27.91,13.71,80,80
LATENTVIEW,39.7,12.72,0.13,6.98,16.92,60,60
LAURUSLABS,25.88,15.6,0.67,14.64,24.25,80,80
LAXMIDENTL,12.92,31.59,0.85,15.39,13.97,60,60
LEMERITE,30.01,17.8,0.07,14.09,29.38,100,100
LEMONTREE,38.38,31.09,0.27,24.67,19.09,100,100
LENSKART,31.32,30.23,0.68,24.6,28.78,80,80
LFIC,10.79,32.43,0.23,11.94,15.18,80,80
LGBBROSLTD,17.63,32.96,0.87,12.11,6.54,60,60
LGEINDIA,12.55,15.58,0.17,17.94,6.19,60,60
LGHL,30.82,19.04,0.8,9.15,27.59,60,60
LIBAS,21.09,14.65,0.84,5.46,13.31,40,40
LIBERTSHOE,38.7,21.05,0.03,19.48,14.63,100,100
LICHSGFIN,22.49,14.55,0.7,29.58,17.5,60,60
LICI,21.12,27.1,0.58,15.4,23.83,80,80
LINC,38.62,19.88,0.6,19.7,12.57,80,80
LINCOLN,12.87,22.84,0.38,11.97,13.24,80,80
LINDEINDIA,23.7,16.86,0.24,20.03,22.62,100,100
LLOYDSENGG,16.52,31.69,0.26,23.01,21.57,100,100
LLOYDSENT,18.66,32.77,0.9,27.6,27.19,80,80
LLOYDSME,20.18,26.1,0.5,7.39,16.23,60,60
LMW,30.55,27.75,0.07,6.81,17.08,80,80
LODHA,27.92,20.35,0.6,9.68,25.31,60,60
LORDSCHLO,37.71,20.73,0.7,24.98,19.53,80,80
LOTUSDEV,14.06,22.27,0.13,5.14,30.19,60,60
LOTUSEYE,12.79,12.12,0.38,12.24,20.95,60,60
LOVABLE,12.76,14.82,0.64,21.55,28.84,40,40
LT,21.62,14.73,0.05,28.16,25.39,80,80
LTF,13.8,15.33,0.37,18.05,31.93,80,80
LTFOODS,24.31,14.88,0.77,16.01,23.58,60,60
LTM,32.4,12.86,0.25,18.92,18.4,80,80
LTTS,32.42,18.02,0.65,16.1,31.52,80,80
LUMAXIND,23.02,15.32,0.5,7.64,24.24,60,60
LUMAXTECH,17.96,34.46,0.52,17.79,9.33,60,60
LUPIN,11.03,28.16,0.83,28.71,7.52,40,40
LUXIND,35.82,19.85,0.65,24.42,30.75,80,80
LXCHEM,23.86,34.08,0.31,29.14,16.62,100,100
LYPSAGEMS,34.56,29.82,0.74,9.64,13.6,60,60
M&M,13.32,20.75,0.77,22.67,27.94,60,60
M&MFIN,37.07,19.09,0.64,10.64,25.53,80,80
MAANALU,38.24,13.45,0.77,19.09,33.56,60,60
MACPOWER,32.88,23.05,0.87,5.47,12.66,60,60
MADHAV,28.07,11.1,0.69,9.14,31.81,40,40
MADHAVIPL,37.12,19.98,0.22,7.25,26.97,80,80
MADRASFERT,28.68,31.77,0.44,25.33,11.59,100,100
MAFATIND,38.06,33.47,0.56,23.76,17.43,80,80
MAGADSUGAR,13.25,12.18,0.55,25.16,23.57,40,40
MAHABANK,26.64,29.81,0.04,28.0,18.42,100,100
MAHAPEXLTD,24.43,18.95,0.34,12.86,15.74,100,100
MAHEPC,31.11,30.94,0.8,24.35,22.94,80,80
MAHESHWARI,15.18,21.27,0.02,25.82,17.59,100,100
MAHLIFE,30.66,26.33,0.5,27.51,19.14,80,80
MAHLOG,26.68,29.8,0.66,5.26,21.8,60,60
MAHSCOOTER,27.6,19.62,0.3,8.2,5.69,60,60
MAHSEAMLES,35.84,26.9,0.83,15.9,13.65,80,80
MAITHANALL,26.49,25.42,0.19,16.51,22.1,100,100
MAJESAUT,22.68,17.82,0.66,12.77,19.86,80,80
MALLCOM,10.46,22.0,0.47,26.13,27.86,80,80
MALUPAPER,19.46,32.3,0.7,14.54,29.6,80,80
MAMATA,34.75,12.4,0.68,7.87,24.71,40,40
MANAKALUCO,23.64,28.42,0.32,22.76,27.69,100,100
MANAKCOAT,17.9,34.64,0.65,29.14,19.35,80,80
MANAKSIA,33.32,16.25,0.57,7.15,28.4,60,60
MANALIPETC,37.77,22.41,0.33,26.12,18.67,100,100
MANAPPURAM,22.07,26.42,0.24,13.92,29.91,100,100
MANBA,28.54,11.66,0.02,16.68,12.09,80,80
MANCREDIT,32.29,20.2,0.89,27.58,7.82,60,60
MANGLMCEM,20.76,18.46,0.82,21.04,34.13,80,80
MANINDS,21.56,14.6,0.32,27.79,9.39,60,60
MANINFRA,28.63,26.32,0.72,29.35,11.12,80,80
MANKIND,17.1,19.81,0.07,28.36,21.43,100,100
MANOMAY,19.34,29.56,0.11,20.29,23.3,100,100
MANORAMA,34.08,31.59,0.27,29.21,31.72,100,100
MANORG,18.89,19.71,0.67,21.22,25.77,80,80
MANUGRAPH,30.19,32.58,0.56,9.66,6.57,40,40
MANYAVAR,36.3,27.67,0.18,14.54,23.63,100,100
MAPMYINDIA,25.97,22.92,0.98,21.8,18.36,80,80
MARATHON,14.25,14.11,0.79,21.53,6.32,20,20
MARICO,38.49,26.48,0.17,19.53,17.03,100,100
MARINE,36.74,12.61,0.14,26.82,12.14,80,80
MARKOLINES,28.63,18.8,0.35,18.75,34.79,100,100
MARKSANS,11.14,13.45,0.36,15.85,31.7,60,60
MARSONS,18.85,25.73,0.33,7.37,25.46,80,80
MARUTI,28.74,18.06,0.96,12.78,22.49,80,80
MASFIN,38.6,34.71,0.42,6.59,22.77,80,80
MASTEK,18.62,32.96,0.3,6.65,7.43,60,60
MASTERTR,11.21,12.09,0.31,26.42,10.67,60,60
MATRIMONY,27.54,14.04,0.83,12.41,15.42,60,60
MAXESTATES,33.44,15.55,0.98,21.34,26.97,80,80
MAXHEALTH,21.88,25.67,0.2,11.15,29.71,100,100
MAXIND,13.69,34.48,0.97,27.57,9.79,40,40
MAYURUNIQ,27.56,16.69,0.09,26.69,8.22,80,80
MAZDA,29.9,31.24,0.54,9.72,23.87,60,60
MAZDOCK,37.56,25.73,0.24,19.67,30.61,100,100
MBAPL,22.07,28.3,0.25,20.09,30.05,100,100
MBEL,32.41,15.1,0.32,17.68,19.24,100,100
MCCHRLS-B,24.15,26.07,0.71,21.83,16.5,80,80
MCLOUD,25.34,21.03,0.68,18.48,33.15,80,80
MCX,26.32,26.07,0.19,9.33,32.11,80,80
MEDANTA,25.38,34.44,0.05,24.41,25.77,100,100
MEDIASSIST,21.95,12.36,0.12,20.29,33.32,80,80
MEDICAMEQ,39.8,18.44,0.79,11.29,26.52,80,80
MEDICO,33.62,15.73,0.49,7.88,24.59,80,80
MEDPLUS,35.58,32.08,0.96,9.01,28.12,60,60
MEESHO,37.36,31.63,0.55,20.69,11.08,80,80
MEGASTAR,21.97,25.74,0.25,28.35,10.49,100,100
MENNPIS,12.44,31.47,0.72,20.5,14.47,60,60
MENONBE,23.22,25.79,0.56,13.91,19.18,80,80
MERCANTILE,16.57,21.75,0.82,24.23,27.18,80,80
METROBRAND,37.36,23.74,0.47,13.77,23.34,100,100
METROGLOBL,24.95,19.29,0.68,14.34,18.19,80,80
METROPOLIS,26.08,33.6,0.94,22.65,11.13,80,80
MFML,29.47,12.4,0.97,28.0,11.46,60,60
MFSL,11.26,32.36,0.41,28.26,9.94,60,60
MGEL,24.33,10.03,0.44,27.19,22.05,80,80
MGL,20.57,29.74,0.82,26.12,33.72,80,80
MHLXMIRU,17.82,13.03,0.97,17.29,27.9,60,60
MHRIL,30.5,34.92,0.66,28.29,15.94,80,80
MICEL,13.07,18.64,0.19,15.4,20.6,80,80
MIDHANI,39.39,27.74,0.61,23.82,12.99,80,80
MIDWESTLTD,34.41,10.53,0.76,24.45,13.47,60,60
MINDACORP,25.6,17.2,0.64,14.74,21.09,80,80
MINDTECK,22.58,18.33,0.75,15.92,28.45,80,80
MIRCELECTR,34.05,20.3,0.19,17.52,14.68,100,100
MIRZAINT,13.7,17.42,0.6,5.84,8.26,20,20
MITCON,37.36,19.93,0.31,27.76,7.21,80,80
MITTAL,15.98,33.56,0.79,10.25,30.3,80,80
MKPL,36.93,16.22,0.51,9.08,26.36,60,60
MMFL,34.93,33.0,0.61,16.86,27.71,80,80
MMP,36.49,18.55,0.33,19.77,5.04,80,80
MMTC,30.11,25.31,0.06,7.66,11.58,80,80
MMWL,28.07,32.41,0.88,17.39,29.75,80,80
MOBIKWIK,29.86,29.96,0.88,8.22,9.22,40,40
MODINATUR,24.3,21.05,0.23,23.38,9.14,80,80
MODIRUBBER,20.63,26.22,0.74,28.72,14.91,80,80
MODIS,10.46,23.75,0.41,24.09,23.63,80,80
MODISONLTD,30.6,21.09,0.36,23.88,32.58,100,100
MODTHREAD,13.2,20.85,0.53,14.64,12.74,60,60
MOHITIND,18.74,24.92,0.23,7.15,33.92,80,80
MOIL,21.73,25.43,0.91,29.1,22.04,80,80
MOKSH,17.67,28.82,0.87,6.55,10.51,60,60
MOL,13.17,29.2,0.67,14.78,6.87,40,40
MOLDTECH,34.62,34.36,0.66,7.67,11.27,60,60
MOLDTKPAC,18.64,26.76,0.75,9.79,27.79,60,60
MONARCH,28.88,18.95,0.15,15.88,22.38,100,100
MONEYBOXX,27.1,30.67,0.96,17.81,11.22,80,80
MONTECARLO,20.21,18.13,0.9,21.91,10.25,80,80
MOREPENLAB,39.23,24.31,0.47,11.22,8.08,80,80
MOSCHIP,24.47,30.32,0.12,18.71,32.56,100,100
MOTHERSON,13.89,28.96,0.44,12.2,9.14,60,60
MOTILALOFS,21.34,24.17,0.19,13.62,7.64,80,80
MOTISONS,15.78,29.67,0.27,23.51,12.2,100,100
MOTOGENFIN,32.25,27.02,0.42,8.95,15.42,80,80
MPHASIS,28.11,34.79,0.35,5.95,27.21,80,80
MPSLTD,13.59,34.42,0.73,24.15,25.86,60,60
MRF,34.73,31.62,0.46,11.89,9.77,80,80
MRPL,19.16,14.35,0.73,10.47,18.58,60,60
MSPL,38.12,17.25,0.59,9.98,28.68,60,60
MSTCLTD,22.2,26.94,0.6,13.02,29.38,80,80
MSUMI,36.88,18.75,0.7,17.71,26.4,80,80
MTARTECH,34.53,32.47,0.16,29.73,33.35,100,100
MTNL,20.16,30.24,0.38,29.88,17.9,100,100
MUFIN,36.02,17.02,0.63,14.31,29.58,80,80
MUFTI,27.85,10.73,0.52,29.08,30.61,60,60
MUKANDLTD,17.68,16.31,0.86,29.66,25.46,80,80
MUKKA,11.68,14.34,0.62,17.37,27.39,40,40
MUKTAARTS,27.27,20.61,0.84,27.78,32.23,80,80
MUNJALAU,15.52,28.93,0.78,12.92,34.94,80,80
MUNJALSHOW,11.32,31.66,0.09,9.7,8.36,40,40
MURUDCERA,29.57,27.54,0.32,22.44,25.67,100,100
MUTHOOTCAP,17.23,17.14,0.72,14.9,33.67,80,80
MUTHOOTFIN,34.94,17.64,0.63,16.04,15.41,80,80
MUTHOOTMF,39.41,17.8,0.42,29.07,12.07,100,100
MVGJL,28.74,14.09,0.23,7.7,10.26,60,60
MWL,16.1,26.0,0.8,26.75,14.65,80,80
NACLIND,12.12,19.86,0.59,16.87,16.91,60,60
NAGREEKEXP,12.41,10.75,0.38,21.86,31.63,60,60
NAHARCAP,34.38,18.67,0.67,15.27,25.12,80,80
NAHARINDUS,29.77,17.17,0.42,24.36,30.67,100,100
NAHARPOLY,13.46,27.67,0.54,6.27,22.29,40,40
NAM-INDIA,23.03,15.86,0.88,18.71,16.32,80,80
NARMADA,27.91,34.36,0.77,8.23,33.4,60,60
NATCAPSUQ,36.63,27.01,0.03,16.13,34.81,100,100
NATCOPHARM,15.87,24.32,0.76,13.47,18.98,80,80
NATHBIOGEN,23.79,34.76,0.98,7.19,13.21,60,60
NATIONALUM,34.17,17.87,0.43,13.84,10.89,100,100
NATIONSTD,15.31,15.05,0.22,18.06,7.28,80,80
NAUKRI,21.3,31.88,0.23,17.78,17.46,100,100
NAVA,18.52,26.49,0.36,7.25,30.35,80,80
NAVINFLUOR,18.63,26.11,0.95,17.54,21.14,80,80
NAVKARCORP,28.04,28.34,0.35,14.95,8.57,80,80
NAVKARURB,34.85,15.03,0.23,27.97,7.59,80,80
NAVNETEDUL,34.41,22.44,0.05,23.27,22.15,100,100
NAZARA,12.1,13.29,0.5,18.91,8.52,20,20
NBCC,22.57,32.89,0.6,10.76,13.38,80,80
NBIFIN,16.69,29.6,0.41,19.91,20.25,100,100
NCC,21.68,34.6,0.69,6.05,12.04,60,60
NCLIND,15.35,25.68,0.98,24.33,26.07,80,80
NDGL,10.53,29.89,0.57,17.0,18.68,60,60
NDL,19.38,11.37,0.1,5.84,30.66,60,60
NDLVENTURE,30.93,33.24,0.06,27.42,34.39,100,100
NDRAUTO,21.44,12.17,0.01,20.27,7.01,60,60
NDTV,37.85,15.24,0.64,25.55,33.7,80,80
NEAGI,30.28,27.15,0.73,15.47,15.76,80,80
NECCLTD,13.59,24.36,0.61,21.85,15.97,60,60
NELCAST,14.98,32.65,0.04,15.08,29.88,80,80
NELCO,39.86,26.98,0.84,28.61,5.76,60,60
NEOGEN,13.01,24.47,0.22,23.74,18.08,80,80
NEPHROPLUS,22.61,27.26,0.29,29.22,10.29,100,100
NESCO,28.54,34.82,0.95,27.71,20.94,80,80
NESTLEIND,10.32,18.7,0.44,22.62,22.76,80,80
NETWEB,20.02,21.25,0.63,22.45,13.96,80,80
NETWORK18,14.31,15.43,0.51,16.02,29.45,60,60
NEULANDLAB,14.0,20.52,0.82,19.17,20.46,60,60
NEWGEN,15.54,34.92,0.47,28.69,13.46,100,100
NEXTMEDIA,10.07,17.59,0.46,12.78,20.88,80,80
NFL,26.79,18.28,0.9,18.91,26.52,80,80
NGIL,32.53,18.54,0.8,22.71,34.13,80,80
NGLFINE,15.91,23.64,0.41,15.28,14.57,100,100
NH,24.53,12.85,0.62,23.3,26.93,60,60
NHPC,21.34,34.2,0.18,9.21,17.32,80,80
NIACL,16.95,20.1,0.85,14.55,24.95,80,80
NIBE,12.61,31.82,0.83,17.69,6.4,40,40
NIBL,10.14,22.06,0.56,7.74,6.71,20,20
NIITLTD,31.3,20.61,0.71,19.97,6.23,60,60
NIITMTS,39.94,21.45,0.98,23.41,19.03,80,80
NILAINFRA,25.04,12.21,0.84,23.28,17.99,60,60
NILASPACES,19.28,34.5,0.24,21.23,7.13,80,80
NILE,20.8,20.15,0.92,23.93,25.44,80,80
NILKAMAL,16.03,34.6,0.7,11.63,32.51,80,80
NIMBSPROJ,35.05,19.86,0.71,24.38,21.16,80,80
NIPPOBATRY,22.07,23.91,0.26,23.96,21.03,100,100
NIRLON,11.41,18.37,0.82,23.01,21.58,60,60
NITCO,11.03,26.08,0.73,13.68,13.71,60,60
NITINSPIN,12.14,33.7,0.28,18.98,18.28,80,80
NITIRAJ,26.14,32.11,0.24,16.46,30.79,100,100
NITTAGELA,23.72,14.18,0.01,29.88,33.82,80,80
NIVABUPA,23.49,31.29,0.13,24.31,26.24,100,100
NKIND,23.52,32.23,0.53,8.59,14.94,60,60
NLCINDIA,26.21,32.34,0.96,15.63,34.88,80,80
NMDC,10.72,26.19,0.64,22.04,22.42,60,60
NOCIL,31.91,17.51,0.19,18.62,10.11,100,100
NOIDATOLL,25.45,23.9,0.02,23.56,29.04,100,100
NORBTEAEXP,27.07,27.37,0.98,15.49,17.17,80,80
NORTHARC,28.43,25.98,0.32,19.76,20.86,100,100
NOVAAGRI,17.08,22.27,0.62,19.66,18.71,80,80
NOVARTIND,29.23,33.58,0.38,19.63,28.4,100,100
NPST,34.34,27.66,0.07,24.38,32.03,100,100
NRAIL,31.02,34.38,0.05,22.17,33.97,100,100
NRBBEARING,25.76,20.07,0.48,19.55,7.53,80,80
NRL,23.04,21.11,0.15,12.81,7.46,80,80
NSIL,39.49,29.19,0.2,20.94,25.39,100,100
NSLNISP,34.5,33.64,0.74,6.57,12.02,60,60
NTPC,23.1,11.45,0.63,8.95,9.18,20,20
NTPCGREEN,27.54,14.9,0.19,26.99,31.17,80,80
NUCLEUS,18.47,10.56,0.33,20.02,25.95,80,80
NURECA,29.02,27.86,0.89,27.46,33.11,80,80
NUVAMA,16.65,27.88,0.17,18.71,21.06,100,100
NUVOCO,12.47,20.99,0.85,24.43,24.16,60,60
NYKAA,10.11,11.37,0.34,12.56,33.83,60,60
OAL,27.37,20.4,0.41,21.23,19.33,100,100
OBCL,23.84,28.34,0.06,27.72,31.85,100,100
OBEROIRLTY,13.98,13.78,0.58,28.05,8.0,20,20
OCCLLTD,24.14,22.54,0.93,17.19,23.47,80,80
OFSS,32.02,13.69,0.74,7.28,33.73,40,40
OIL,34.5,28.93,0.85,7.97,16.56,60,60
OLAELEC,38.15,10.08,0.99,25.19,11.98,60,60
OLECTRA,10.55,11.69,0.48,10.85,27.66,60,60
OMAXE,25.88,14.43,0.96,14.98,7.65,40,40
OMFREIGHT,34.49,29.71,0.76,18.4,18.3,80,80
OMINFRAL,11.96,26.82,0.49,26.04,26.35,80,80
OMNI,20.95,24.55,0.45,24.31,28.18,100,100
OMPOWER,28.83,18.27,0.65,24.3,17.47,80,80
ONELIFECAP,25.74,28.68,0.32,7.32,29.6,80,80
ONEPOINT,25.39,31.11,0.72,13.6,17.17,80,80
ONESOURCE,20.88,11.93,0.98,26.66,33.72,60,60
ONGC,20.48,25.41,0.26,29.38,22.21,100,100
ONMOBILE,31.32,12.63,0.56,25.16,17.88,60,60
ONWARDTEC,18.37,27.06,0.34,29.31,27.45,100,100
OPTIEMUS,35.74,11.89,0.61,7.63,22.35,40,40
ORBTEXP,28.27,19.9,0.16,24.45,27.58,100,100
ORCHASP,32.53,34.28,0.4,14.34,11.01,100,100
ORCHPHARMA,14.05,15.23,0.83,7.28,21.51,40,40
ORICONENT,16.03,15.88,0.53,23.24,23.76,80,80
ORIENTALTL,38.05,17.0,0.77,6.13,29.21,60,60
ORIENTBELL,36.91,31.28,0.08,11.93,15.59,100,100
ORIENTCEM,21.81,26.91,0.66,17.76,12.13,80,80
ORIENTCER,11.6,19.6,0.67,9.36,26.19,40,40
ORIENTELEC,36.44,11.87,0.45,18.08,30.98,80,80
ORIENTHOT,24.03,20.37,0.61,11.38,21.47,80,80
ORIENTLTD,28.77,21.27,0.69,26.84,12.02,80,80
ORIENTPPR,16.87,24.65,0.63,28.24,26.28,80,80
ORIENTTECH,13.27,20.64,0.32,16.78,12.39,80,80
ORISSAMINE,34.93,25.27,0.44,14.6,22.42,100,100
ORKLAINDIA,39.29,11.22,0.71,29.55,24.47,60,60
OSWALGREEN,27.45,18.09,0.84,26.23,5.92,60,60
OSWALPUMPS,31.62,20.49,0.25,6.08,33.53,80,80
OSWALSEEDS,12.24,33.66,0.48,28.56,25.33,80,80
PACEDIGITK,21.14,24.24,0.68,21.17,32.94,80,80
PAGEIND,12.24,21.58,0.42,17.43,20.9,80,80
PAISALO,24.51,26.52,0.52,20.88,11.29,80,80
PAKKA,23.62,27.09,0.4,15.99,8.85,80,80
PALASHSECU,28.02,12.26,0.34,6.46,23.52,60,60
PANACEABIO,29.3,25.13,0.08,28.3,20.78,100,100
PANAMAPET,23.53,34.23,0.04,7.28,6.0,60,60
PANSARI,12.5,24.31,0.72,29.3,11.19,60,60
PAR,36.8,13.46,0.91,5.18,33.35,40,40
PARACABLES,13.88,18.66,0.33,16.66,16.14,80,80
PARADEEP,24.21,33.34,0.02,29.77,34.14,100,100
PARAGMILK,25.8,32.96,0.11,5.97,15.69,80,80
PARAS,35.73,34.91,0.31,17.57,6.93,80,80
PARKHOSPS,37.26,34.45,0.5,14.7,16.46,80,80
PARKHOTELS,23.25,20.1,0.79,15.35,31.35,80,80
PASHUPATI,20.37,25.05,0.32,21.42,6.91,80,80
PASUPTAC,13.94,15.39,0.85,14.35,27.97,60,60
PATANJALI,21.85,21.24,0.81,15.49,8.73,60,60
PATELENG,33.31,15.92,0.28,29.31,11.4,100,100
PATELRMART,25.54,27.63,0.5,21.0,21.51,80,80
PATINTLOG,20.86,26.94,0.41,14.79,17.57,100,100
PAUSHAKLTD,25.93,29.29,0.32,20.0,24.11,100,100
PAYTM,17.95,30.71,0.2,22.07,28.51,100,100
PCBL,27.24,19.1,0.68,22.85,15.99,80,80
PCJEWELLER,19.93,11.93,0.46,16.34,7.5,60,60
PDMJEPAPER,32.96,33.46,0.08,20.28,28.6,100,100
PDSL,16.81,26.03,0.59,29.56,16.49,80,80
PENIND,11.95,12.59,0.96,5.05,27.68,20,20
PERSISTENT,35.01,13.83,0.38,20.87,29.87,80,80
PETRONET,26.54,19.79,0.57,7.77,14.7,60,60
PFC,23.32,10.34,0.14,13.78,32.34,80,80
PFIZER,32.18,23.92,0.74,14.68,26.04,80,80
PFS,11.02,16.35,0.15,7.02,31.29,60,60
PGEL,17.36,16.4,0.51,8.64,5.46,40,40
PGHH,11.63,19.08,0.79,14.74,11.44,60,60
PGHL,20.77,30.93,0.6,17.59,21.52,80,80
PGIL,22.98,18.82,0.81,19.09,5.87,60,60
PHOENIXLTD,12.05,34.36,0.28,10.09,23.65,80,80
PICCADIL,16.83,14.13,0.54,21.12,24.42,60,60
PIDILITIND,21.42,10.87,0.83,21.78,17.32,60,60
PIGL,21.77,30.0,0.33,29.19,17.98,100,100
PIIND,10.14,28.45,0.76,21.02,8.66,40,40
PILANIINVS,14.85,23.31,0.63,26.9,27.6,60,60
PILITA,35.29,19.8,0.4,14.02,6.17,80,80
PINELABS,10.38,22.47,0.92,25.05,23.8,60,60
PIONEEREMB,20.12,11.66,0.96,9.27,10.46,40,40
PIONRINV,35.67,24.48,0.0,26.19,25.86,100,100
PIRAMALFIN,17.66,20.72,0.77,5.25,34.93,60,60
PITTIENG,27.13,24.09,0.99,21.88,31.35,80,80
PIXTRANS,39.29,28.86,0.74,26.3,18.01,80,80
PKTEA,38.76,30.37,0.86,26.39,32.56,80,80
PLASTIBLEN,10.47,28.26,0.92,14.77,18.89,60,60
PLATIND,32.75,23.16,0.08,7.35,14.08,80,80
PML,21.34,18.9,0.89,22.98,12.51,80,80
PNB,23.56,30.2,0.76,29.49,26.64,80,80
PNBGILTS,19.03,23.04,0.72,5.86,22.55,60,60
PNBHOUSING,39.08,30.19,0.75,22.35,30.87,80,80
PNCINFRA,16.2,16.22,0.16,29.53,19.13,100,100
PNGJL,12.79,16.0,0.91,18.98,7.34,40,40
PNGSREVA,12.76,25.18,0.56,13.38,17.58,60,60
POCL,14.3,26.5,0.4,24.86,22.06,80,80
PODDARMENT,13.93,23.24,0.69,13.61,5.75,40,40
POKARNA,29.11,34.47,0.86,22.05,19.51,80,80
POLICYBZR,31.85,15.73,0.93,25.38,26.42,80,80
POLYCAB,34.61,13.11,0.92,20.78,27.0,60,60
POLYMED,16.77,28.5,0.74,5.83,32.56,60,60
POLYPLEX,34.97,22.44,0.09,21.34,15.93,100,100
PONNIERODE,23.07,23.72,0.63,19.68,27.71,80,80
POONAWALLA,39.8,13.5,0.87,27.86,23.48,60,60
POWERGRID,13.69,10.69,0.98,6.99,18.16,20,20
POWERICA,32.3,33.16,0.23,7.16,24.71,80,80
POWERINDIA,25.69,13.57,0.62,16.69,19.82,60,60
POWERMECH,17.7,33.5,0.13,19.62,26.16,100,100
PPAP,31.58,28.4,0.57,21.77,21.96,80,80
PPL,20.85,34.48,0.56,28.37,26.83,80,80
PPLPHARMA,36.55,22.88,0.34,17.19,18.89,100,100
PRABHA,14.15,32.68,0.75,20.87,21.9,60,60
PRADPME,10.63,19.41,0.33,8.63,31.71,60,60
PRAENG,25.14,19.82,0.98,6.76,27.99,60,60
PRAJIND,31.12,11.01,0.33,23.21,17.2,80,80
PRAKASH,26.56,33.78,0.74,16.5,34.3,80,80
PRAKASHSTL,32.7,11.56,0.34,14.06,24.75,80,80
PRAVEG,28.59,15.99,0.46,19.57,20.1,100,100
PRECAM,23.46,25.35,0.87,24.1,22.37,80,80
PRECWIRE,26.92,28.35,0.21,7.15,16.27,80,80
PREMCO,13.62,15.43,0.73,23.57,7.18,40,40
PREMEXPLN,25.32,31.13,0.79,16.27,11.56,80,80
PREMIERENE,32.93,29.75,0.07,24.57,26.95,100,100
PRESTIGE,37.77,15.83,0.46,9.97,9.89,60,60
PRICOLLTD,36.81,10.66,0.93,14.98,30.1,60,60
PRIMESECU,22.74,26.98,0.78,6.74,19.38,60,60
PRIMO,21.49,24.59,0.38,18.9,6.3,80,80
PRINCEPIPE,38.65,16.87,0.15,13.41,16.88,100,100
PRITIKAUTO,39.88,13.72,0.1,5.69,21.77,60,60
PRIVISCL,19.56,20.43,0.26,9.83,34.85,80,80
PROSTARM,15.6,30.88,0.3,20.64,17.46,100,100
PROTEAN,28.56,21.37,0.14,7.55,23.87,80,80
PROZONER,13.07,30.49,0.36,12.99,18.62,80,80
PRSMJOHNSN,11.72,33.61,0.34,12.45,23.69,80,80
PRUDENT,34.51,29.24,0.74,29.32,18.84,80,80
PRUDMOULI,16.56,33.53,0.48,17.08,17.0,100,100
PSB,25.29,13.8,0.83,19.09,17.54,60,60
PSPPROJECT,34.7,13.59,0.63,16.48,6.25,40,40
PTC,18.1,24.01,0.98,12.69,9.72,60,60
PTCIL,21.19,12.21,0.87,22.56,15.28,60,60
PTL,23.0,17.97,0.72,24.6,21.3,80,80
PUNJABCHEM,25.08,12.57,0.66,7.98,30.26,40,40
PURVA,27.48,18.12,0.07,10.51,29.09,100,100
PVP,13.28,11.78,0.48,18.79,9.53,40,40
PVRINOX,36.72,11.76,0.39,26.81,10.68,80,80
PVSL,33.07,24.79,0.8,16.76,11.56,80,80
PWL,23.75,31.75,0.02,7.89,33.34,80,80
PYRAMID,11.29,27.67,0.31,15.42,7.76,60,60
QPOWER,23.01,23.79,0.51,28.86,25.35,80,80
QUADFUTURE,11.4,11.78,0.33,9.39,33.55,40,40
QUESS,19.26,11.02,0.13,27.73,14.9,80,80
QUICKHEAL,17.18,22.14,0.4,8.72,15.26,80,80
QUINT,26.98,24.06,0.69,14.79,23.78,80,80
RACLGEAR,31.23,19.06,0.58,20.78,11.56,80,80
RADAAN,22.86,29.35,0.67,15.05,31.71,80,80
RADHIKAJWE,25.44,34.24,0.05,10.52,15.86,100,100
RADIANTCMS,13.42,28.5,0.3,21.86,13.76,80,80
RADICO,20.8,20.31,0.5,21.96,29.95,80,80
RAILTEL,17.74,15.96,0.84,24.17,16.79,80,80
RAIN,26.96,19.16,0.31,27.64,21.37,100,100
RAINBOW,31.06,22.77,0.91,10.19,30.97,80,80
RAJOOENG,27.96,15.14,0.2,27.21,11.04,100,100
RAJPALAYAM,25.92,24.97,0.73,18.19,31.18,80,80
RAJRATAN,19.58,30.56,0.88,27.07,22.95,80,80
RAJSREESUG,30.68,30.18,0.88,6.33,26.75,60,60
RAJTV,40.0,27.91,0.96,24.19,23.78,80,80
RALLIS,17.42,11.97,0.57,26.94,6.62,40,40
RAMANEWS,22.21,12.66,0.77,5.28,29.7,40,40
RAMAPHO,39.96,15.73,0.3,13.62,23.36,100,100
RAMASTEEL,29.59,13.35,0.51,17.68,9.97,40,40
RAMCOCEM,34.82,33.1,0.92,10.58,11.58,80,80
RAMCOIND,18.77,12.87,0.56,16.67,12.92,60,60
RAMCOSYS,37.72,30.27,0.38,19.98,8.94,80,80
RAMKY,15.05,33.68,0.2,9.18,33.22,80,80
RAMRAT,17.15,30.51,0.92,13.33,19.14,80,80
RANASUG,34.81,24.45,0.76,6.51,26.22,60,60
RANEHOLDIN,14.45,24.82,0.46,27.43,21.93,80,80
RATEGAIN,34.12,10.97,0.21,28.05,26.57,80,80
RATNAMANI,20.58,23.28,0.32,13.09,19.21,100,100
RATNAVEER,22.37,28.16,0.65,10.45,17.63,80,80
RAYMOND,18.14,23.91,0.44,24.06,9.28,80,80
RAYMONDLSL,22.65,33.77,0.98,21.99,7.58,60,60
RAYMONDREL,22.97,21.15,0.1,25.21,29.68,100,100
RBA,37.92,13.81,0.29,17.16,23.07,80,80
RBLBANK,26.56,34.49,0.48,15.86,25.91,100,100
RBZJEWEL,11.27,30.32,0.17,5.67,13.09,60,60
RCF,24.79,16.68,0.75,28.73,32.6,80,80
RECLTD,36.83,16.54,0.56,20.96,32.56,80,80
REDINGTON,36.43,25.7,0.92,13.6,17.43,80,80
REDTAPE,39.38,25.08,0.4,14.1,7.98,80,80
REFEX,38.27,11.26,0.76,17.39,34.13,60,60
REGENCERAM,14.6,18.07,0.75,20.86,23.2,60,60
RELAXO,27.35,28.44,0.72,13.56,11.56,80,80
RELCHEMQ,35.08,12.57,0.63,25.66,30.25,60,60
RELIABLE,15.8,29.47,0.1,29.88,15.77,100,100
RELIANCE,35.94,14.52,0.85,16.27,13.27,60,60
RELIGARE,11.06,26.22,0.46,8.65,6.84,40,40
RELTD,23.66,12.31,0.95,21.44,18.79,60,60
REMSONSIND,12.81,15.88,0.01,16.9,5.74,60,60
RENUKA,36.63,20.77,0.09,10.71,15.19,100,100
REPCOHOME,30.98,32.03,0.86,14.92,18.05,80,80
REPRO,11.86,27.85,0.27,12.75,18.3,80,80
RESPONIND,27.97,16.11,0.22,29.13,33.1,100,100
RETAIL,22.7,29.61,0.48,27.22,24.57,100,100
RGL,24.77,27.4,0.97,23.33,20.17,80,80
RHETAN,21.89,14.66,0.37,29.95,30.74,80,80
RHIM,17.59,29.21,0.81,22.64,10.17,80,80
RHL,12.15,26.27,0.31,5.95,26.58,60,60
RICOAUTO,33.71,31.23,0.78,11.24,29.77,80,80
RIIL,28.79,15.45,0.99,22.74,34.09,80,80
RISHABH,34.82,24.61,0.28,7.65,20.02,80,80
RITCO,29.27,16.73,0.24,16.67,27.51,100,100
RITES,28.51,16.69,0.06,12.52,20.49,100,100
RKDL,28.71,11.2,0.55,8.05,7.72,20,20
RKEC,14.67,20.22,0.17,21.94,20.07,80,80
RKFORGE,23.04,26.03,0.85,21.55,5.94,60,60
RKSWAMY,35.36,27.87,0.99,23.12,25.2,80,80
RMDRIP,18.17,24.12,0.25,7.11,33.84,80,80
RML,17.36,27.02,0.7,6.85,17.13,60,60
ROHLTD,15.9,27.03,0.93,7.1,10.28,60,60
ROLEXRINGS,16.95,16.84,0.91,28.35,18.03,80,80
ROML,14.74,23.01,0.11,8.77,14.06,60,60
ROSSARI,34.17,13.03,0.6,7.16,10.95,40,40
ROSSELLIND,33.27,22.01,0.84,11.99,11.13,80,80
ROSSTECH,17.25,24.25,0.26,19.77,24.47,100,100
ROTO,36.25,23.98,0.48,13.39,32.22,100,100
ROUTE,36.35,23.18,0.04,25.9,16.46,100,100
RPEL,33.89,27.06,0.33,16.51,7.51,80,80
RPGLIFE,32.95,25.5,0.26,10.96,29.24,100,100
RPOWER,11.43,21.38,0.16,9.8,25.44,60,60
RPPINFRA,13.53,18.96,0.13,7.0,25.09,60,60
RPPL,38.77,34.46,0.48,16.49,6.4,80,80
RPSGVENT,34.97,32.0,0.12,19.12,24.78,100,100
RPTECH,34.21,16.4,0.68,20.01,31.35,80,80
RRIL,38.32,23.29,0.2,28.56,16.94,100,100
RRKABEL,10.1,19.42,0.63,20.91,25.39,60,60
RSDFIN,27.4,16.1,0.13,20.71,14.86,100,100
RSL,16.36,10.72,0.03,18.08,16.96,80,80
RSWM,28.62,13.75,0.27,9.06,26.01,60,60
RSYSTEMS,39.5,33.18,0.98,5.37,6.59,40,40
RTNINDIA,32.32,13.7,0.39,12.14,22.16,80,80
RTNPOWER,33.0,32.42,0.57,26.65,23.06,80,80
RUBFILA,20.78,16.11,0.01,25.64,11.05,100,100
RUBICON,24.34,15.61,0.65,18.88,5.92,60,60
RUBYMILLS,27.14,32.6,0.35,17.04,11.53,100,100
RUCHINFRA,31.71,34.81,0.41,26.66,17.81,100,100
RUCHIRA,26.61,17.76,0.26,25.39,27.02,100,100
RUPA,13.87,29.77,0.24,16.23,12.94,80,80
RUSHIL,18.7,25.71,0.82,26.5,16.59,80,80
RUSTOMJEE,16.88,22.77,0.66,15.21,22.55,80,80
RVHL,20.33,21.67,0.36,21.79,29.3,100,100
RVNL,11.92,24.6,0.01,12.28,8.53,60,60
RVTH,33.17,23.03,0.07,26.92,13.99,100,100
SAATVIKGL,30.07,15.16,0.42,20.32,21.9,100,100
SADBHIN,28.45,16.68,0.22,10.22,27.44,100,100
SAFARI,36.03,25.7,0.38,8.52,34.43,80,80
SAGARDEEP,28.79,23.32,0.78,26.07,5.03,60,60
SAGCEM,18.14,28.08,0.18,8.84,26.45,80,80
SAGILITY,12.36,11.11,0.87,15.07,32.28,40,40
SAHLIBHFI,28.95,30.46,0.39,7.45,30.06,80,80
SAHYADRI,35.46,18.76,0.85,23.53,11.57,80,80
SAIL,39.6,20.6,0.23,5.93,27.21,80,80
SAILIFE,13.94,31.44,0.69,6.68,10.33,40,40
SAIPARENT,26.38,20.23,0.41,8.14,10.56,80,80
SAKAR,20.41,31.83,0.85,14.47,7.1,60,60
SAKHTISUG,21.39,25.25,0.99,20.04,16.14,80,80
SAKSOFT,30.97,29.73,0.44,6.18,31.58,80,80
SALASAR,38.4,33.97,0.1,11.56,21.38,100,100
SALONA,15.77,29.42,0.13,29.25,33.11,100,100
SALZERELEC,14.24,31.47,0.99,7.67,22.31,40,40
SAMBHV,37.58,12.38,0.3,7.69,33.4,60,60
SAMHI,15.39,11.79,0.68,5.35,7.69,20,20
SAMMAANCAP,23.01,33.34,0.68,14.12,13.82,80,80
SAMPANN,17.87,22.41,0.66,18.05,9.95,60,60
SANATHAN,39.65,27.71,0.99,9.64,23.09,60,60
SANDESH,39.01,28.66,0.79,23.0,17.49,80,80
SANDHAR,18.83,16.82,0.43,9.09,32.64,80,80
SANDUMA,18.48,23.58,0.6,11.65,16.47,80,80
SANGAMIND,39.8,29.45,0.91,29.25,21.39,80,80
SANGHVIMOV,36.92,21.19,0.34,9.56,20.15,80,80
SANOFI,14.58,30.89,0.53,22.49,31.52,60,60
SANOFICONR,14.88,20.34,0.49,24.48,33.68,80,80
SANSERA,18.34,25.45,0.72,20.72,32.69,80,80
SANSTAR,12.27,22.66,0.81,14.91,30.56,60,60
SAPPHIRE,26.69,18.88,0.57,15.74,17.99,80,80
SAPPL,26.26,21.82,0.39,24.52,31.56,100,100
SARDAEN,21.75,25.47,0.47,17.19,21.14,100,100
SAREGAMA,27.48,19.39,0.22,17.16,29.62,100,100
SARLAPOLY,14.01,11.25,0.08,14.11,27.88,60,60
SASKEN,11.86,15.49,0.06,18.02,26.44,80,80
SATIA,15.39,14.07,0.31,7.98,10.32,60,60
SATIN,22.31,32.75,0.92,7.52,14.55,60,60
SAURASHCEM,12.67,32.21,0.47,24.87,7.73,60,60
SAYAJIHOTL,38.95,20.07,0.74,28.0,26.53,80,80
SBC,17.34,31.05,0.01,15.6,17.86,100,100
SBCL,19.45,30.73,0.29,26.49,29.64,100,100
SBFC,38.42,27.16,0.36,10.56,32.61,100,100
SBGLP,24.44,23.14,0.02,26.8,13.8,100,100
SBICARD,19.78,34.94,0.62,24.66,7.87,60,60
SBILIFE,12.43,28.0,0.86,11.06,10.27,60,60
SBIN,19.03,16.2,0.7,15.61,9.93,60,60
SCANSTL,26.54,18.86,0.91,26.97,19.87,80,80
SCHAEFFLER,12.18,31.76,0.46,20.08,13.02,80,80
SCHAND,14.58,24.88,0.7,20.15,13.97,60,60
SCI,10.99,28.68,0.22,29.66,32.45,80,80
SCILAL,21.84,25.18,0.85,7.24,32.93,60,60
SCODATUBES,38.64,18.7,0.48,11.03,18.6,100,100
SDBL,21.88,32.52,0.82,9.46,33.12,60,60
SEAMECLTD,36.7,17.43,0.66,5.18,16.75,60,60
SEDEMAC,22.6,21.51,0.81,23.63,11.04,80,80
SEIL,17.61,18.46,0.99,11.98,7.07,60,60
SELMC,18.75,28.25,0.71,29.37,24.93,80,80
SEMAC,18.42,32.53,0.15,27.71,27.46,100,100
SENCO,18.5,19.76,0.37,27.64,14.03,100,100
SENORES,27.97,19.82,0.01,11.31,24.07,100,100
SEPC,30.79,31.71,0.02,24.72,6.13,80,80
SERVOTECH,15.07,24.63,0.14,7.57,25.43,80,80
SESHAPAPER,14.12,20.26,0.64,10.51,29.31,60,60
SETL,13.83,15.05,0.34,17.58,26.71,80,80
SFL,28.18,19.56,0.11,24.51,14.68,100,100
SGFIN,24.04,22.39,0.83,15.1,25.66,80,80
SGIL,23.19,16.05,0.77,26.91,19.93,80,80
SGL,28.17,14.55,0.23,18.8,24.93,80,80
SGMART,20.09,24.55,0.03,9.23,6.13,60,60
SHADOWFAX,27.76,12.43,0.99,11.4,27.09,60,60
SHAH,23.87,10.91,1.0,17.21,21.33,60,60
SHAHALLOYS,25.7,13.51,0.16,22.58,28.39,80,80
SHAILY,17.03,23.34,0.87,11.93,17.4,80,80
SHAKTIPUMP,27.62,14.36,0.82,16.36,25.94,60,60
SHALBY,11.11,21.52,0.07,18.33,19.54,80,80
SHALPAINTS,12.52,29.74,0.26,12.13,34.13,80,80
SHANTI,37.67,12.15,0.31,10.96,6.67,60,60
SHANTIGEAR,25.39,17.32,0.84,6.88,15.99,60,60
SHANTIGOLD,33.84,19.32,0.39,29.25,10.85,100,100
SHARDACROP,25.41,10.34,0.47,28.53,16.06,80,80
SHARDAMOTR,12.31,22.28,0.04,26.31,20.84,80,80
SHARDUL,26.99,29.45,0.9,14.26,30.15,80,80
SHAREINDIA,16.83,31.52,0.25,14.35,34.97,100,100
SHBAJRG,18.86,33.67,0.39,27.46,31.12,100,100
SHEMAROO,23.27,10.6,0.04,10.13,17.83,80,80
SHILCTECH,21.73,25.9,0.42,22.94,9.7,80,80
SHILPAMED,31.3,34.54,0.24,8.39,6.52,60,60
SHINDL,30.38,20.42,0.21,26.02,26.84,100,100
SHIVALIK,27.07,15.72,0.93,18.36,15.81,80,80
SHIVAMILLS,13.57,31.61,0.07,27.76,28.1,80,80
SHIVATEX,25.52,27.32,0.98,17.56,8.34,60,60
SHK,36.04,31.65,0.76,11.76,24.54,80,80
SHOPERSTOP,11.7,30.22,0.95,29.88,17.58,60,60
SHRADHA,27.21,27.6,0.79,22.99,20.49,80,80
SHREDIGCEM,29.0,14.58,0.87,21.35,32.2,60,60
SHREECEM,38.02,12.98,0.27,28.69,30.64,80,80
SHREEJISPG,36.26,30.57,0.5,21.44,29.58,80,80
SHREEPUSHK,18.62,13.95,0.51,21.91,23.55,60,60
SHREERAMA,27.96,10.63,0.05,25.72,12.45,80,80
SHREYANIND,18.38,17.71,0.61,25.98,16.21,80,80
SHRIKRISH,26.75,33.55,0.27,17.91,30.99,100,100
SHRINGARMS,33.38,29.88,0.01,22.56,17.31,100,100
SHRIPISTON,25.79,18.05,0.8,20.21,23.66,80,80
SHRIRAMFIN,39.39,11.22,0.6,12.48,22.23,60,60
SHRIRAMPPS,27.49,15.71,0.34,10.34,34.33,100,100
SHYAMCENT,12.07,32.55,0.51,28.13,26.55,60,60
SHYAMMETL,27.68,29.99,0.68,21.03,6.97,60,60
SICAGEN,18.18,17.74,0.27,13.27,28.38,100,100
SIEMENS,17.25,17.46,0.23,29.08,8.25,80,80
SIGIND,13.28,25.06,0.49,15.76,17.06,80,80
SIGMA,36.94,31.43,0.59,18.25,24.76,80,80
SIGNATURE,28.41,26.48,0.45,28.15,13.94,100,100
SIGNPOST,38.39,17.98,0.43,24.31,30.69,100,100
SIKA,21.78,29.88,0.89,5.22,18.99,60,60
SIKKO,13.31,27.56,0.46,17.36,13.61,80,80
SIL,10.45,22.81,0.99,26.05,22.55,60,60
SILGO,31.77,34.57,0.01,23.6,33.58,100,100
SILINV,23.55,26.55,0.18,26.39,23.57,100,100
SILLYMONKS,28.79,23.92,0.96,28.4,30.64,80,80
SILVERTUC,13.01,14.16,0.78,23.84,12.98,40,40
SIMPLEXINF,12.04,12.51,0.85,18.26,8.89,20,20
SINCLAIR,30.62,14.2,0.67,6.27,26.5,40,40
SINDHUTRAD,19.47,11.58,0.41,10.69,16.29,80,80
SINGERIND,25.9,14.29,0.31,17.46,30.2,80,80
SINTERCOM,36.78,27.23,0.69,5.81,9.47,40,40
SIRCA,13.82,27.54,0.79,16.95,33.69,60,60
SIS,16.61,32.71,0.16,10.25,25.9,100,100
SIYSIL,27.15,16.72,0.64,27.22,25.61,80,80
SJS,29.13,27.97,0.26,28.43,18.53,100,100
SJVN,26.14,18.19,0.82,27.27,5.56,60,60
SKFINDIA,18.4,33.81,1.0,5.35,18.13,60,60
SKFINDUS,35.41,30.11,0.53,21.88,29.72,80,80
SKIPPER,39.48,31.02,0.38,17.58,22.84,100,100
SKMEGGPROD,39.42,31.05,0.45,21.87,17.43,100,100
SKYGOLD,39.69,19.23,0.62,21.57,29.3,80,80
SMARTLINK,20.36,21.28,0.66,20.36,11.42,80,80
SMARTWORKS,36.83,24.93,0.3,18.24,5.42,80,80
SMCGLOBAL,17.83,14.89,0.4,29.18,33.71,80,80
SMLMAH,25.21,17.57,0.7,20.78,25.46,80,80
SMLT,23.7,23.04,0.1,7.5,20.58,80,80
SMSPHARMA,39.94,13.28,0.83,25.6,26.82,60,60
SNOWMAN,25.14,16.97,0.82,26.35,21.44,80,80
SOBHA,33.16,32.58,0.06,18.52,13.35,100,100
SOLARA,33.43,22.18,0.83,5.77,16.48,60,60
SOLARINDS,30.37,29.97,0.27,28.63,20.8,100,100
SOLARWORLD,11.45,28.64,0.26,12.66,31.11,80,80
SOLEX,14.59,13.88,0.2,22.25,24.03,60,60
SOMANYCERA,30.92,16.82,0.69,18.76,23.56,80,80
SOMATEX,18.44,17.82,0.98,5.42,25.45,60,60
SOMICONVEY,25.32,25.82,0.2,28.69,8.16,80,80
SONACOMS,17.07,24.42,0.17,14.17,26.81,100,100
SONAL,22.14,24.21,0.11,27.09,26.25,100,100
SONAMLTD,32.91,16.76,0.33,9.96,18.1,80,80
SONATSOFTW,23.2,30.93,0.66,25.32,30.11,80,80
SOTL,38.11,26.26,0.93,17.71,10.24,80,80
SOUTHBANK,24.65,16.98,0.59,17.94,31.6,80,80
SOUTHWEST,31.28,16.39,0.72,9.69,27.02,60,60
SPAL,10.1,15.84,0.19,29.09,9.48,60,60
SPANDANA,16.27,13.14,0.04,28.05,21.69,80,80
SPARC,24.85,24.07,0.54,5.79,12.4,60,60
SPCENET,31.94,11.91,0.94,21.18,6.38,40,40
SPECIALITY,33.33,15.52,0.68,9.37,26.84,60,60
SPECTRUM,23.03,32.66,0.48,5.59,12.24,80,80
SPENCERS,15.22,31.16,0.88,10.9,5.29,60,60
SPIC,34.73,14.37,0.5,14.2,9.47,40,40
SPLIL,12.38,20.59,0.23,24.82,10.01,80,80
SPLPETRO,16.87,20.72,0.68,22.89,19.33,80,80
SPMLINFRA,29.69,23.86,0.39,29.91,18.89,100,100
SPORTKING,33.49,19.69,0.14,27.08,23.19,100,100
SRD,26.14,31.03,0.8,7.97,5.47,40,40
SREEL,24.67,28.86,0.52,7.43,7.15,40,40
SRF,17.05,17.72,0.78,5.25,24.24,60,60
SRGHFL,35.18,22.58,0.7,7.6,16.23,60,60
SRHHYPOLTD,27.69,29.66,0.24,27.99,18.83,100,100
SRM,15.29,33.09,0.2,11.34,13.89,100,100
SRTL,28.09,32.86,0.19,25.88,15.51,100,100
SSDL,38.87,16.04,1.0,7.67,16.48,60,60
SSWL,31.19,34.23,0.65,23.62,33.02,80,80
STALLION,35.08,15.41,0.67,23.47,11.16,80,80
STANLEY,19.2,26.25,0.31,9.26,25.73,80,80
STAR,29.6,25.96,0.94,20.72,27.92,80,80
STARCEMENT,34.73,30.18,0.95,10.84,5.58,60,60
STARHEALTH,16.17,20.91,0.77,18.53,11.06,80,80
STARPAPER,24.44,32.02,0.59,28.7,13.97,80,80
STARTECK,11.79,29.34,0.45,9.03,13.68,60,60
STCINDIA,10.92,18.38,0.34,11.55,33.88,80,80
STEELCAS,34.3,19.88,0.16,25.29,29.77,100,100
STEELCITY,19.89,14.16,0.3,26.72,27.4,80,80
STEELXIND,24.99,15.72,0.34,19.36,20.04,100,100
STEL,11.2,23.98,0.21,13.8,29.98,80,80
STERTOOLS,16.57,21.85,0.28,27.66,22.55,100,100
STLNETWORK,31.17,26.42,0.46,12.59,27.23,100,100
STOVEKRAFT,24.11,24.75,0.91,29.89,14.87,80,80
STUDDS,30.77,19.67,0.67,18.5,12.47,80,80
STYL,18.49,12.17,0.7,11.34,23.74,60,60
STYLAMIND,11.46,10.21,0.77,29.41,23.03,40,40
STYLEBAAZA,37.85,11.47,0.19,20.89,18.06,80,80
STYRENIX,22.49,23.6,0.29,11.46,28.82,100,100
SUBROS,12.38,22.01,0.32,6.18,16.53,60,60
SUDARCOLOR,20.93,14.94,0.28,22.38,31.95,80,80
SUDARSCHEM,20.57,23.03,0.27,11.7,13.51,100,100
SUDEEPPHRM,34.66,10.71,0.65,7.92,21.02,40,40
SUKHJITS,39.5,29.75,0.46,10.56,12.59,100,100
SULA,15.07,12.36,0.74,5.87,6.81,20,20
SUMEETINDS,36.93,32.45,0.15,26.44,28.97,100,100
SUMICHEM,32.73,22.38,0.31,7.89,15.55,80,80
SUMMITSEC,19.77,16.79,0.14,6.32,19.56,80,80
SUNCLAY,11.0,30.34,0.41,12.93,16.78,80,80
SUNDARAM,29.98,18.54,0.73,23.9,22.46,80,80
SUNDARMFIN,29.93,11.81,0.45,15.04,20.97,80,80
SUNDRMBRAK,39.74,22.46,0.85,22.57,20.53,80,80
SUNDRMFAST,28.47,30.16,0.02,18.22,6.58,80,80
SUNDROP,12.8,18.77,0.7,20.06,26.09,60,60
SUNFLAG,33.5,20.87,0.44,16.08,22.12,100,100
SUNPHARMA,39.35,24.69,0.46,29.22,15.28,100,100
SUNTECK,26.55,29.98,0.91,28.97,31.93,80,80
SUNTV,24.89,34.04,0.63,10.13,5.47,60,60
SUPERHOUSE,22.85,32.51,0.11,18.26,10.56,100,100
SUPERSPIN,37.27,14.93,0.34,24.19,11.85,80,80
SUPRAJIT,31.19,29.1,0.93,21.24,24.82,80,80
SUPREME,27.35,20.22,0.4,15.0,21.87,100,100
SUPREMEIND,35.97,29.46,0.19,9.7,13.79,80,80
SUPREMEINF,31.73,26.56,0.22,15.53,8.91,80,80
SUPRIYA,31.24,24.8,0.68,19.56,29.19,80,80
SURAJEST,36.73,27.13,0.56,25.79,5.96,60,60
SURAJLTD,34.88,15.74,0.08,22.44,11.52,100,100
SURAKSHA,37.46,20.41,0.07,5.2,30.77,80,80
SURANASOL,19.66,20.84,0.49,28.32,33.98,100,100
SURANAT&P,20.57,10.02,0.76,6.55,19.77,40,40
SURYALA,11.36,14.02,0.42,22.17,26.2,60,60
SURYALAXMI,23.78,10.89,0.03,13.47,6.92,60,60
SURYAROSNI,18.09,31.91,0.37,12.41,12.03,100,100
SURYODAY,39.46,24.64,0.56,18.64,26.1,80,80
SUTLEJTEX,17.09,15.84,0.89,9.4,34.97,60,60
SUVEN,32.3,24.17,0.02,27.15,17.24,100,100
SUYOG,35.53,26.16,0.18,8.73,5.69,60,60
SUZLON,16.03,18.83,0.32,11.78,19.51,100,100
SVLL,31.9,14.29,0.72,16.94,30.21,60,60
SWANCORP,39.88,13.35,1.0,5.64,29.9,40,40
SWARAJENG,25.27,13.96,0.52,7.37,24.83,40,40
SWELECTES,21.36,21.5,0.92,18.59,28.89,80,80
SWIGGY,20.2,23.62,0.64,6.56,21.01,60,60
SWSOLAR,23.89,14.0,0.65,21.15,19.84,60,60
SYMPHONY,37.14,34.54,0.82,25.75,10.79,80,80
SYNCOMF,19.04,10.53,0.27,27.9,23.97,80,80
SYNGENE,24.33,34.22,0.12,28.92,15.61,100,100
SYRMA,25.12,31.75,0.19,9.37,25.9,80,80
SYSTMTXC,35.26,30.79,0.78,23.53,10.57,80,80
TAALTECH,39.52,33.77,0.93,9.77,25.9,60,60
TAINWALCHM,20.18,26.31,0.1,28.37,21.83,100,100
TAJGVK,15.76,17.46,0.31,21.15,11.44,100,100
TALBROAUTO,16.21,20.58,0.54,5.78,30.1,60,60
TAMBOLIIN,16.85,32.55,0.45,16.19,13.26,100,100
TANLA,20.58,17.47,0.51,29.38,26.24,80,80
TARACHAND,32.31,26.01,0.28,22.61,30.52,100,100
TARAPUR,19.94,21.22,0.2,9.35,17.63,80,80
TARC,17.83,29.78,0.76,7.31,11.53,60,60
TARIL,33.19,28.78,0.35,16.03,11.1,100,100
TARSONS,35.84,13.19,0.8,13.79,15.48,60,60
TASTYBITE,17.86,25.65,0.92,8.61,20.5,60,60
TATACAP,29.5,32.18,0.23,15.69,21.15,100,100
TATACHEM,26.14,23.21,0.71,22.37,12.47,80,80
TATACOMM,25.51,28.1,0.72,20.85,14.92,80,80
TATACONSUM,12.62,11.01,0.84,8.69,30.66,20,20
TATAELXSI,22.66,15.19,0.09,21.77,22.62,100,100
TATAINVEST,33.59,23.28,0.06,24.93,12.09,100,100
TATAPOWER,36.26,30.39,0.72,5.02,26.89,60,60
TATASTEEL,22.43,34.77,0.98,24.26,27.63,80,80
TATATECH,20.44,11.82,0.9,25.26,24.18,60,60
TATVA,23.83,25.75,0.35,27.2,14.81,100,100
TBOTEK,24.68,33.61,0.69,18.27,21.2,80,80
TBZ,33.02,29.27,0.72,12.21,21.73,80,80
TCC,11.18,30.76,0.51,7.31,9.53,20,20
TCI,16.66,13.63,0.98,20.45,9.78,40,40
TCIEXP,38.13,12.39,0.04,11.91,14.78,80,80
TCIFINANCE,21.09,20.16,0.9,7.13,15.45,60,60
TCPLPACK,32.31,13.98,0.54,12.93,32.06,60,60
TCS,24.77,21.59,0.33,22.33,17.44,100,100
TDPOWERSYS,14.3,26.81,0.17,23.3,27.91,80,80
TEAMGTY,19.97,10.26,0.14,5.7,16.34,60,60
TEAMLEASE,20.96,27.91,0.87,28.85,20.79,80,80
TECHM,27.7,31.25,0.51,10.55,28.72,80,80
TECHNOE,38.87,30.42,0.19,8.64,14.98,80,80
TECHNVISN,30.75,10.98,0.48,14.88,27.32,80,80
TECILCHEM,33.16,34.76,0.23,28.82,14.68,100,100
TEGA,28.64,32.07,0.06,26.02,32.35,100,100
TEJASNET,18.47,32.74,0.77,9.94,28.08,60,60
TEMBO,39.62,23.24,0.77,29.25,25.21,80,80
TENNIND,11.83,26.43,0.22,16.29,9.99,60,60
TERASOFT,10.5,34.31,0.09,7.13,31.04,60,60
TEXINFRA,21.95,31.92,0.2,23.57,19.72,100,100
TEXMOPIPES,28.35,27.48,0.73,13.49,21.42,80,80
TEXRAIL,34.95,25.44,0.62,9.83,13.03,60,60
TFCILTD,36.62,21.37,0.11,11.15,19.78,100,100
TFL,22.43,16.31,0.28,23.49,25.17,100,100
TGBHOTELS,21.06,20.47,0.88,8.86,20.99,60,60
THACKER,35.91,30.34,0.18,24.16,15.26,100,100
THAKDEV,31.88,33.54,0.57,6.35,10.21,60,60
THANGAMAYL,39.68,15.56,0.4,6.6,12.71,80,80
THEINVEST,26.59,10.97,0.14,17.31,26.05,80,80
THEJO,19.66,16.25,0.63,16.91,5.67,60,60
THELEELA,29.41,20.92,0.91,12.89,12.23,80,80
THEMISMED,13.49,24.69,0.53,18.61,19.55,60,60
THERMAX,25.34,29.7,0.61,6.84,19.48,60,60
THOMASCOOK,24.26,12.87,0.78,7.94,25.11,40,40
THOMASCOTT,15.23,34.24,0.8,23.41,6.01,60,60
THYROCARE,26.74,11.76,0.86,24.79,26.56,60,60
TI,33.48,33.81,0.19,18.59,11.62,100,100
TICL,11.52,29.11,0.45,28.51,33.27,80,80
TIIL,28.58,34.7,0.78,10.64,23.26,80,80
TIINDIA,28.3,32.16,0.05,11.08,7.61,80,80
TIL,31.39,18.68,0.83,26.06,13.01,80,80
TIMETECHNO,32.48,28.75,0.74,10.93,13.58,80,80
TIMEX,28.67,27.01,0.63,28.63,7.48,60,60
TIMKEN,36.53,28.57,0.48,18.04,22.35,100,100
TINNARUBR,35.1,19.68,0.24,17.6,7.23,80,80
TIPSFILMS,11.73,13.78,0.18,28.31,34.4,60,60
TIPSMUSIC,13.13,28.52,0.34,16.05,18.48,80,80
TIRUMALCHM,16.61,34.9,0.4,5.28,15.61,80,80
TITAGARH,28.71,22.83,0.06,12.83,22.08,100,100
TITAN,26.63,21.75,0.18,15.43,13.34,100,100
TMB,23.92,14.05,0.32,16.09,5.55,60,60
TMCV,35.58,10.61,1.0,21.35,12.89,60,60
TMPV,11.22,30.34,0.53,10.75,34.35,60,60
TNPETRO,19.76,25.22,0.22,5.64,12.14,80,80
TNPL,38.05,27.44,0.32,15.36,26.26,100,100
TNTELE,13.93,13.52,0.4,27.78,5.04,40,40
TOLINS,23.25,15.96,0.22,22.67,23.0,100,100
TORNTPHARM,36.64,16.1,0.2,22.01,29.86,100,100
TORNTPOWER,34.9,14.95,0.64,7.37,11.88,40,40
TOTAL,37.81,33.7,0.09,27.57,28.95,100,100
TOUCHWOOD,34.07,18.34,0.12,16.32,24.28,100,100
TPHQ,28.5,33.79,0.76,22.86,5.72,60,60
TPLPLASTEH,35.18,32.32,0.83,9.59,23.6,60,60
TRACXN,35.61,13.83,0.68,11.19,10.39,60,60
TRANSPEK,18.75,11.08,0.85,15.39,9.8,40,40
TRANSRAILL,25.08,11.31,0.64,16.49,31.54,60,60
TRANSWORLD,28.52,28.28,0.61,26.35,31.59,80,80
TRAVELFOOD,29.3,12.33,0.22,19.8,23.94,80,80
TREJHARA,29.68,24.82,0.95,15.92,13.53,80,80
TREL,16.23,28.02,0.24,21.19,17.85,100,100
TRENT,22.7,18.8,0.53,6.11,22.65,60,60
TRF,33.24,29.63,0.56,20.89,8.61,60,60
TRIDENT,27.14,32.63,0.3,8.91,21.39,80,80
TRIGYN,18.47,34.72,0.28,5.2,34.54,80,80
TRITURBINE,22.67,12.96,0.24,21.02,14.64,80,80
TRIVENI,31.2,11.88,0.67,6.55,19.05,40,40
TRU,15.07,30.71,0.87,23.44,13.44,80,80
TRUALT,21.39,26.33,0.25,23.06,25.91,100,100
TSFINV,19.66,34.68,0.9,14.78,31.4,80,80
TTKHLTCARE,39.02,10.88,0.94,28.0,16.24,60,60
TTKPRESTIG,22.4,24.85,0.86,24.23,9.42,60,60
TTML,33.5,21.6,0.73,16.43,13.3,80,80
TVSELECT,10.17,28.1,0.34,29.81,34.56,80,80
TVSHLTD,28.6,31.32,0.47,14.1,26.62,100,100
TVSMOTOR,13.29,27.86,0.9,23.65,19.8,60,60
TVSSRICHAK,22.76,15.13,0.54,12.95,8.62,60,60
TVTODAY,17.87,18.61,0.54,29.19,30.79,80,80
TVVISION,26.26,33.98,0.73,20.64,26.39,80,80
UBL,16.19,28.0,0.91,23.75,11.35,80,80
UCAL,12.93,27.93,0.25,16.54,17.98,80,80
UCOBANK,21.03,11.32,0.26,11.78,17.63,80,80
UDS,11.63,16.96,0.87,14.88,12.71,60,60
UEL,23.34,32.76,0.45,14.05,16.83,100,100
UFBL,33.01,18.88,0.95,29.82,11.3,80,80
UFLEX,36.53,34.19,0.93,7.14,24.89,60,60
UFO,12.42,29.81,0.92,27.73,34.49,60,60
UGARSUGAR,15.02,30.61,0.31,16.85,13.56,100,100
UGROCAP,35.65,28.05,0.71,14.05,28.16,80,80
UJJIVANSFB,32.86,18.77,0.01,5.92,30.84,80,80
ULTRACEMCO,11.82,29.11,0.74,18.85,11.35,60,60
ULTRAMAR,39.63,29.12,0.71,23.27,34.1,80,80
UMIYA-MRO,38.8,10.29,0.69,8.89,27.44,40,40
UNICHEMLAB,33.93,23.86,0.53,14.76,19.44,80,80
UNIDT,25.97,11.81,0.86,6.65,10.35,40,40
UNIECOM,10.5,29.58,0.08,20.63,33.91,80,80
UNIENTER,30.14,22.62,0.72,12.43,24.12,80,80
UNIMECH,14.69,28.09,0.71,21.65,22.92,60,60
UNIONBANK,17.09,20.51,0.64,23.46,15.33,80,80
UNIPARTS,17.47,26.0,0.6,22.88,24.52,80,80
UNITDSPR,26.16,11.3,0.01,14.4,17.62,80,80
UNITECH,32.89,23.6,0.01,6.36,25.65,80,80
UNITEDPOLY,13.93,27.8,0.03,21.95,17.92,80,80
UNITEDTEA,17.55,33.55,0.1,16.52,15.65,100,100
UNIVASTU,38.24,17.47,0.55,19.34,22.25,80,80
UNIVCABLES,28.4,26.89,0.91,11.33,20.07,80,80
UNOMINDA,22.31,18.9,0.35,21.27,15.1,100,100
UPL,11.29,17.53,0.32,14.83,10.48,80,80
URBANCO,18.41,18.02,0.72,10.62,18.51,80,80
URJA,12.36,30.15,0.24,27.2,11.72,80,80
USHAMART,10.6,24.66,0.55,28.22,7.42,40,40
UTIAMC,25.28,30.12,0.98,28.27,24.5,80,80
UTKARSHBNK,12.52,31.19,0.85,23.92,32.52,60,60
UTLSOLAR,16.01,34.38,0.19,28.93,14.69,100,100
UTTAMSUGAR,20.44,26.14,0.37,19.47,25.33,100,100
UYFINCORP,23.84,17.88,0.54,9.46,23.24,60,60
V2RETAIL,25.05,31.86,0.84,11.26,16.62,80,80
VADILALIND,19.45,32.73,0.71,21.44,8.87,60,60
VAIBHAVGBL,32.72,20.15,0.67,6.87,29.76,60,60
VAKRANGEE,18.6,13.05,0.58,29.09,15.87,60,60
VALIANTORG,13.08,34.48,0.31,15.06,15.52,80,80
VARDHACRLC,17.35,25.62,0.99,14.1,26.13,80,80
VARROC,13.04,20.94,0.09,13.15,15.17,80,80
VASWANI,25.59,14.68,0.26,7.09,18.47,60,60
VBL,20.21,11.35,0.6,13.66,16.13,60,60
VCL,12.93,32.41,0.8,11.29,25.35,60,60
VEDL,21.07,12.54,0.08,5.62,17.77,60,60
VEEDOL,33.66,31.42,0.86,21.91,31.34,80,80
VELJAN,14.65,12.8,0.91,11.3,14.61,40,40
VENKEYS,30.75,23.35,0.76,11.31,11.79,80,80
VENTIVE,32.97,10.14,0.06,11.56,20.47,80,80
VENUSPIPES,30.43,19.72,0.8,23.83,24.31,80,80
VENUSREM,18.31,26.25,0.78,21.66,11.18,80,80
VERANDA,15.05,12.94,0.07,10.11,31.83,80,80
VERTOZ,37.55,25.94,0.87,29.28,33.72,80,80
VESUVIUS,27.82,18.51,0.71,26.18,15.64,80,80
VETO,33.05,14.4,0.82,26.79,13.88,60,60
VGL,26.06,19.04,0.64,8.23,32.59,60,60
VGUARD,32.14,18.41,0.57,13.73,16.8,80,80
VHL,37.46,32.9,0.15,22.84,12.45,100,100
VIDHIING,36.48,23.91,0.23,24.38,20.97,100,100
VIDYAWIRES,34.29,11.1,0.5,25.54,5.44,40,40
VIJAYA,33.46,15.14,0.33,22.27,33.68,100,100
VIKRAMSOLR,35.04,24.46,0.01,5.67,20.41,80,80
VIKRAN,34.89,10.52,0.8,21.35,31.88,60,60
VIMTALABS,26.26,18.64,0.15,24.75,13.19,100,100
VINATIORGA,16.03,10.17,0.04,8.93,33.38,60,60
VINCOFE,32.26,26.95,0.04,11.81,19.75,100,100
VINDHYATEL,38.97,34.47,0.94,29.22,7.24,60,60
VINNY,23.01,32.28,0.58,19.14,25.78,80,80
VINYLINDIA,10.24,18.4,0.94,21.38,13.45,60,60
VIPCLOTHNG,22.55,22.09,0.6,30.0,17.13,80,80
VIPIND,33.66,20.56,0.33,25.74,29.26,100,100
VISAKAIND,24.15,15.76,0.12,19.95,15.22,100,100
VISHNU,27.93,19.21,0.74,6.35,10.58,60,60
VIVIDHA,39.55,26.73,0.66,20.4,26.75,80,80
VIYASH,20.34,26.67,0.29,6.45,25.03,80,80
VLSFINANCE,39.89,15.61,0.95,13.07,18.83,80,80
VMART,34.78,20.38,0.14,21.01,14.88,100,100
VMM,19.21,28.34,0.99,23.06,12.84,80,80
VOLTAMP,38.95,28.02,0.18,27.39,29.54,100,100
VOLTAS,21.49,34.81,0.56,9.77,28.23,60,60
VRAJ,14.11,12.41,0.72,21.97,27.19,40,40
VRLLOG,15.11,16.45,0.15,28.98,16.83,100,100
VSSL,35.54,29.47,0.83,8.86,27.49,60,60
VSTIND,24.81,14.67,0.46,19.75,34.94,80,80
VSTL,16.84,32.98,0.62,22.89,8.34,60,60
VSTTILLERS,23.19,20.81,0.81,6.99,28.07,60,60
VTL,28.06,22.16,0.58,13.2,34.54,80,80
WAAREEENER,15.48,30.44,0.07,15.57,12.04,100,100
WAAREERTL,17.57,10.51,0.43,5.63,17.83,60,60
WABAG,31.94,23.18,0.71,27.18,11.28,80,80
WAKEFIT,36.49,16.36,0.48,15.36,11.87,100,100
WALCHANNAG,35.79,34.56,0.5,26.12,16.16,80,80
WCIL,11.69,12.94,0.14,20.5,23.12,60,60
WEALTH,38.14,30.38,0.52,13.31,28.22,80,80
WEBELSOLAR,32.09,34.61,0.02,12.58,32.57,100,100
WEIZMANIND,20.18,22.26,0.78,19.27,18.63,80,80
WEL,18.73,19.73,0.72,12.58,8.39,60,60
WELCORP,14.92,20.72,0.51,17.13,17.64,60,60
WELENT,32.3,31.53,0.47,16.05,21.88,100,100
WELINV,20.46,26.41,0.08,23.24,24.68,100,100
WELSPLSOL,28.83,13.55,0.22,24.08,32.48,80,80
WELSPUNLIV,23.08,24.35,0.91,14.42,18.44,80,80
WENDT,17.03,34.39,0.32,17.2,22.8,100,100
WESTLIFE,34.73,28.27,0.32,28.11,12.52,100,100
WEWORK,15.16,34.91,0.3,19.7,15.43,100,100
WHEELS,32.78,17.89,0.34,12.09,18.79,100,100
WHIRLPOOL,27.96,15.88,0.92,27.12,25.96,80,80
WILLAMAGOR,17.13,13.84,0.41,9.37,27.74,60,60
WIMPLAST,17.42,27.18,1.0,28.43,7.95,60,60
WINDLAS,26.62,32.11,0.19,29.46,7.82,80,80
WINDMACHIN,38.48,13.05,0.77,15.38,15.78,60,60
WIPL,15.28,10.81,0.55,20.95,20.44,60,60
WIPRO,34.16,20.28,0.66,20.16,14.6,80,80
WOCKPHARMA,21.05,13.26,0.05,9.59,24.09,60,60
WONDERLA,30.11,23.03,0.62,10.16,8.7,60,60
WORTHPERI,26.73,30.09,0.93,17.99,28.11,80,80
WPIL,14.16,32.02,0.16,27.0,13.89,80,80
WSI,32.35,29.32,0.25,22.32,20.95,100,100
WSTCSTPAPR,17.65,15.0,0.5,18.83,13.78,60,60
XCHANGING,17.78,17.58,0.39,22.9,10.16,100,100
XELPMOC,20.81,33.82,0.12,20.63,7.62,80,80
XPROINDIA,14.85,23.28,0.07,24.59,34.57,80,80
XTGLOBAL,35.25,29.49,0.58,23.99,30.35,80,80
YASHO,31.97,19.79,0.86,26.66,24.69,80,80
YATHARTH,23.16,12.36,0.51,17.78,9.91,40,40
YATRA,17.95,13.25,0.14,5.4,9.58,40,40
YESBANK,13.7,31.66,0.39,19.27,17.83,80,80
YUKEN,38.85,22.94,0.03,7.84,6.65,60,60
ZAGGLE,29.72,13.53,0.23,26.27,34.21,80,80
ZEEL,36.26,28.39,0.47,7.38,27.53,80,80
ZEELEARN,39.33,29.36,0.89,24.29,24.28,80,80
ZENITHEXPO,27.95,25.34,0.45,14.38,27.84,100,100
ZENITHSTL,20.93,20.57,0.62,17.67,28.42,80,80
ZENSARTECH,31.71,25.18,0.52,25.74,34.42,80,80
ZENTEC,11.1,21.49,0.95,17.87,6.64,40,40
ZFCVINDIA,39.92,20.75,0.45,26.64,11.83,100,100
ZFSTEERING,13.77,27.41,0.44,10.69,19.42,80,80
ZODIACLOTH,34.42,31.97,0.8,26.52,23.27,80,80
ZOTA,28.62,28.42,0.6,12.53,31.47,80,80
ZSARACOM,20.59,29.79,0.15,10.28,19.77,100,100
ZUARI,39.97,29.69,0.24,27.93,15.14,100,100
ZUARIIND,30.32,29.86,0.3,13.26,11.97,100,100
ZYDUSLIFE,28.58,30.53,0.94,16.97,15.96,80,80
ZYDUSWELL,32.12,29.74,0.11,17.43,12.71,100,100
