signal_type,horizon_bucket,signals,win_rate,avg_return,median_return,best_return,worst_return
52W Low Opportunity,15D,3361,11.19,-4.87,-5.12,35.98,-60.56
52W Low Opportunity,1D,1424,10.46,-2.3,-2.38,19.97,-21.5
52W Low Opportunity,30D,9938,15.53,-6.01,-6.47,56.59,-81.49
52W Low Opportunity,3D,733,24.69,-1.56,-1.85,27.48,-20.71
52W Low Opportunity,60D+,14478,21.42,-6.91,-8.38,141.43,-86.96
52W Low Opportunity,7D,3444,21.17,-2.39,-2.56,37.61,-27.02
Avoid / Risky,15D,8850,83.74,-4.6,-5.15,53.37,-60.56
Avoid / Risky,1D,3263,87.34,-2.35,-2.51,19.97,-21.5
Avoid / Risky,30D,28687,80.81,-5.68,-6.55,90.08,-81.49
Avoid / Risky,3D,1680,70.65,-1.27,-1.64,31.5,-27.62
Avoid / Risky,60D+,47280,76.36,-6.59,-8.78,160.34,-90.49
Avoid / Risky,7D,8049,75.15,-2.16,-2.43,40.01,-37.38
High Conviction,15D,10,40.0,-2.97,-0.48,1.47,-12.58
High Conviction,1D,2,0.0,-1.3,-1.3,-0.54,-2.06
High Conviction,30D,50,36.0,-3.42,-4.65,12.23,-17.07
High Conviction,60D+,941,37.73,-0.81,-4.4,89.3,-66.5
High Conviction,7D,4,25.0,-1.15,-1.68,0.97,-2.21
Low Risk Quality,15D,439,26.42,-4.08,-3.94,31.54,-80.91
Low Risk Quality,1D,104,12.5,-3.42,-3.08,28.28,-80.78
Low Risk Quality,30D,1596,35.46,-3.3,-3.36,36.29,-80.79
Low Risk Quality,3D,43,32.56,-1.5,-1.73,8.42,-9.36
Low Risk Quality,60D+,9329,41.11,-0.92,-3.44,89.3,-84.31
Low Risk Quality,7D,255,29.02,-2.05,-2.21,18.52,-18.69
Near 52W High Momentum,15D,2532,23.1,-4.02,-4.69,58.79,-80.91
Near 52W High Momentum,1D,710,10.56,-3.18,-3.16,15.34,-80.78
Near 52W High Momentum,30D,8821,30.96,-3.35,-4.72,87.92,-80.79
Near 52W High Momentum,3D,254,34.65,-0.96,-1.72,27.06,-51.08
Near 52W High Momentum,60D+,18282,39.1,-1.06,-4.25,142.02,-89.24
Near 52W High Momentum,7D,1481,29.03,-2.07,-2.56,35.78,-52.05
Range Accumulation Zone,15D,5823,13.86,-4.68,-5.16,53.37,-37.43
Range Accumulation Zone,1D,2189,11.24,-2.24,-2.39,18.38,-9.35
Range Accumulation Zone,30D,15051,16.2,-5.8,-6.5,60.62,-56.11
Range Accumulation Zone,3D,1079,26.88,-1.3,-1.6,31.5,-27.62
Range Accumulation Zone,60D+,24555,21.18,-6.84,-8.7,109.93,-89.84
Range Accumulation Zone,7D,5221,22.66,-2.22,-2.45,37.61,-37.38
Range Breakdown Risk,15D,313,85.62,-4.99,-5.47,35.98,-33.14
Range Breakdown Risk,1D,148,83.78,-2.82,-2.43,10.0,-21.5
Range Breakdown Risk,30D,646,77.71,-4.21,-5.45,44.64,-40.0
Range Breakdown Risk,3D,139,73.38,-2.04,-2.29,21.06,-25.43
Range Breakdown Risk,60D+,627,70.81,-6.42,-6.75,60.93,-85.84
Range Breakdown Risk,7D,574,75.96,-2.37,-2.54,21.06,-29.81
Range Profit Booking Zone,15D,2242,82.16,-4.7,-5.06,39.55,-80.91
Range Profit Booking Zone,1D,592,90.37,-3.2,-3.1,15.34,-80.78
Range Profit Booking Zone,30D,8124,78.3,-5.31,-6.1,77.94,-80.79
Range Profit Booking Zone,3D,239,71.55,-1.7,-1.8,27.06,-79.97
Range Profit Booking Zone,60D+,20489,69.34,-4.43,-6.96,149.82,-90.49
Range Profit Booking Zone,7D,1343,76.32,-2.68,-2.69,37.34,-80.09
Relative Strength Leader,15D,694,29.68,-3.71,-4.62,30.61,-26.76
Relative Strength Leader,1D,177,10.73,-3.64,-4.0,11.24,-9.84
Relative Strength Leader,30D,2724,38.51,-2.24,-3.49,57.54,-48.36
Relative Strength Leader,3D,77,33.77,-1.61,-2.0,20.54,-18.5
Relative Strength Leader,60D+,4194,48.07,2.74,-0.85,149.82,-81.44
Relative Strength Leader,7D,436,31.42,-2.42,-2.92,35.6,-26.41
Strong Fundamentals,15D,329,23.4,-4.59,-3.12,9.28,-80.91
Strong Fundamentals,1D,116,11.21,-3.24,-1.94,7.5,-80.78
Strong Fundamentals,30D,941,21.15,-5.38,-5.06,41.55,-80.79
Strong Fundamentals,3D,58,36.21,-2.29,-0.98,8.42,-79.97
Strong Fundamentals,60D+,17027,33.48,-3.25,-5.93,89.3,-83.03
Strong Fundamentals,7D,280,35.0,-2.85,-1.34,9.28,-80.09
Swing Candidate,15D,1058,13.61,-4.85,-5.17,39.52,-60.56
Swing Candidate,1D,418,13.16,-2.34,-2.4,19.97,-21.5
Swing Candidate,30D,3130,17.35,-5.53,-5.97,45.6,-81.49
Swing Candidate,3D,411,26.03,-1.75,-1.98,11.89,-25.43
Swing Candidate,60D+,4478,24.14,-5.77,-7.56,77.65,-89.5
Swing Candidate,7D,1703,22.67,-2.33,-2.46,37.61,-29.81
Top Final Conviction,15D,146,23.29,-4.87,-3.8,23.63,-80.91
Top Final Conviction,1D,50,10.0,-3.27,-2.88,1.7,-9.43
Top Final Conviction,30D,490,31.84,-4.06,-4.59,30.73,-80.79
Top Final Conviction,3D,25,36.0,-0.8,-1.49,14.13,-9.24
Top Final Conviction,60D+,981,37.31,-1.23,-4.2,89.3,-80.35
Top Final Conviction,7D,122,30.33,-1.6,-2.06,35.6,-18.69
