symbol,sector,industry
ACEINTEG,Industrials,Staffing & Employment Services
ARCHIES,Consumer Cyclical,Specialty Retail
ARENTERP,Basic Materials,Other Industrial Metals & Mining
ASHOKA,Industrials,Engineering & Construction
BAGFILMS,Communication Services,Broadcasting
BANKBARODA,Financial Services,Banks - Regional
COFFEEDAY,Consumer Cyclical,Restaurants
ELIN,Industrials,Electrical Equipment & Parts
DGCONTENT,Communication Services,Internet Content & Information
ENERGYDEV,Utilities,Utilities - Regulated Electric
ICEMAKE,Industrials,Specialty Industrial Machinery
ITI,Technology,Communication Equipment
JSWENERGY,Utilities,Utilities - Independent Power Producers
JSWHL,Financial Services,Asset Management
KHAICHEM,Basic Materials,Agricultural Inputs
NETWORK18,Communication Services,Entertainment
KRITINUT,Consumer Defensive,Packaged Foods
MADRASFERT,Basic Materials,Agricultural Inputs
ORIENTPPR,Basic Materials,Paper & Paper Products
SARVESHWAR,Consumer Defensive,Packaged Foods
SALASAR,Basic Materials,Steel
SULA,Consumer Defensive,Beverages - Wineries & Distilleries
SHANKARA,Consumer Cyclical,Home Improvement Retail
TMPV,Consumer Cyclical,Auto Manufacturers
TRITURBINE,Industrials,Specialty Industrial Machinery
UFO,Communication Services,Entertainment
VISACHROME,Basic Materials,Steel
XTGLOBAL,Technology,Software - Application
YATRA,Consumer Cyclical,Travel Services
ZEEMEDIA,Communication Services,Broadcasting
CASTROLIND,Energy,Oil & Gas Refining & Marketing
FOSECOIND,Basic Materials,Chemicals
TDPOWERSYS,Industrials,Specialty Industrial Machinery
INDOBORAX,Basic Materials,Chemicals
SHILPAMED,Healthcare,Drug Manufacturers - Specialty & Generic
MACPOWER,Industrials,Specialty Industrial Machinery
ANTELOPUS,Energy,Oil & Gas E&P
UNIMECH,Industrials,Aerospace & Defense
FINCABLES,Industrials,Electrical Equipment & Parts
ARROWGREEN,Consumer Cyclical,Packaging & Containers
ACE,Industrials,Farm & Heavy Construction Machinery
AARTIPHARM,Healthcare,Drug Manufacturers - Specialty & Generic
LALPATHLAB,Healthcare,Diagnostics & Research
GNA,Consumer Cyclical,Auto Parts
MOREPENLAB,Healthcare,Drug Manufacturers - Specialty & Generic
PCJEWELLER,Consumer Cyclical,Luxury Goods
LAURUSLABS,Healthcare,Drug Manufacturers - Specialty & Generic
DEEPINDS,Energy,Oil & Gas E&P
VENUSREM,Healthcare,Drug Manufacturers - Specialty & Generic
GPPL,Industrials,Marine Shipping
IOLCP,Healthcare,Drug Manufacturers - Specialty & Generic
RPGLIFE,Healthcare,Drug Manufacturers - Specialty & Generic
DPABHUSHAN,Consumer Cyclical,Luxury Goods
AETHER,Basic Materials,Specialty Chemicals
CUPID,Consumer Defensive,Household & Personal Products
QPOWER,Industrials,Electrical Equipment & Parts
KINGFA,Basic Materials,Specialty Chemicals
GLOBAL,Consumer Defensive,Education & Training Services
ONEPOINT,Industrials,Specialty Business Services
MARKSANS,Healthcare,Drug Manufacturers - General
NRBBEARING,Consumer Cyclical,Auto Parts
INDSWFTLAB,Healthcare,Drug Manufacturers - Specialty & Generic
ENGINERSIN,Industrials,Engineering & Construction
AZAD,Industrials,Specialty Industrial Machinery
AJANTPHARM,Healthcare,Drug Manufacturers - Specialty & Generic
BOSCH-HCIL,Consumer Cyclical,"Furnishings, Fixtures & Appliances"
KROSS,Consumer Cyclical,Auto Parts
APARINDS,Industrials,Electrical Equipment & Parts
SHAREINDIA,Financial Services,Capital Markets
GALAXYSURF,Basic Materials,Specialty Chemicals
VALIANTORG,Basic Materials,Chemicals
MARINE,Industrials,Electrical Equipment & Parts
LLOYDSENGG,Industrials,Specialty Industrial Machinery
OMNI,Industrials,Specialty Industrial Machinery
SHANTIGOLD,Consumer Cyclical,Luxury Goods
PIXTRANS,Industrials,Specialty Industrial Machinery
GNFC,Basic Materials,Chemicals
GESHIP,Industrials,Marine Shipping
AKUMS,Healthcare,Drug Manufacturers - Specialty & Generic
PRECWIRE,Industrials,Electrical Equipment & Parts
SSWL,Consumer Cyclical,Auto Parts
SURAKSHA,Healthcare,Diagnostics & Research
RPEL,Basic Materials,Chemicals
SONACOMS,Consumer Cyclical,Auto Parts
ROLEXRINGS,Industrials,Metal Fabrication
SANSERA,Consumer Cyclical,Auto Parts
SYNCOMF,Healthcare,Drug Manufacturers - Specialty & Generic
DMCC,Basic Materials,Chemicals
TATVA,Basic Materials,Specialty Chemicals
VIDHIING,Basic Materials,Specialty Chemicals
RGL,Consumer Cyclical,Luxury Goods
WELSPUNLIV,Consumer Cyclical,Textile Manufacturing
MOTISONS,Consumer Cyclical,Luxury Goods
HARSHA,Industrials,Tools & Accessories
LOKESHMACH,Industrials,Specialty Industrial Machinery
GMMPFAUDLR,Industrials,Specialty Industrial Machinery
GANDHITUBE,Industrials,Metal Fabrication
CPPLUS,Industrials,Building Products & Equipment
DIVISLAB,Healthcare,Drug Manufacturers - Specialty & Generic
SAMBHV,Basic Materials,Steel
AEGISLOG,Energy,Oil & Gas Refining & Marketing
AUROPHARMA,Healthcare,Drug Manufacturers - Specialty & Generic
ELLEN,Basic Materials,Chemicals
ALBERTDAVD,Healthcare,Drug Manufacturers - Specialty & Generic
RVTH,Industrials,Farm & Heavy Construction Machinery
KMEW,Industrials,Marine Shipping
IBULLSLTD,Real Estate,Real Estate - Development
YATHARTH,Healthcare,Medical Care Facilities
LENSKART,Healthcare,Medical Instruments & Supplies
ELANTAS,Basic Materials,Specialty Chemicals
IPCALAB,Healthcare,Drug Manufacturers - Specialty & Generic
OFSS,Technology,Software - Infrastructure
GANDHAR,Energy,Oil & Gas Refining & Marketing
MANINDS,Basic Materials,Steel
FCL,Basic Materials,Specialty Chemicals
HINDCON,Basic Materials,Specialty Chemicals
SKYGOLD,Consumer Cyclical,Luxury Goods
SOTL,Basic Materials,Specialty Chemicals
SYRMA,Technology,Electronic Components
CPCAP,Financial Services,Credit Services
KDDL,Consumer Cyclical,Luxury Goods
BHAGERIA,Basic Materials,Specialty Chemicals
GRAPHITE,Industrials,Electrical Equipment & Parts
SETL,Industrials,Specialty Industrial Machinery
VETO,Industrials,Electrical Equipment & Parts
PERSISTENT,Technology,Information Technology Services
SUNTV,Communication Services,Broadcasting
INNOVACAP,Healthcare,Drug Manufacturers - Specialty & Generic
CYIENTDLM,Industrials,Aerospace & Defense
SHREEJISPG,Industrials,Marine Shipping
CEIGALL,Industrials,Engineering & Construction
SMCGLOBAL,Financial Services,Capital Markets
WSTCSTPAPR,Basic Materials,Paper & Paper Products
CONFIPET,Energy,Oil & Gas Refining & Marketing
MANKIND,Healthcare,Drug Manufacturers - Specialty & Generic
SUDEEPPHRM,Healthcare,Drug Manufacturers - Specialty & Generic
MANINFRA,Industrials,Engineering & Construction
IGPL,Basic Materials,Chemicals
YUKEN,Industrials,Specialty Industrial Machinery
SAKAR,Healthcare,Drug Manufacturers - Specialty & Generic
RAMRAT,Industrials,Electrical Equipment & Parts
EMUDHRA,Technology,Software - Application
ARIS,Industrials,Engineering & Construction
KOPRAN,Healthcare,Drug Manufacturers - General
ARVEE,Basic Materials,Specialty Chemicals
EBGNG,Technology,Computer Hardware
MANBA,Financial Services,Credit Services
ALICON,Industrials,Metal Fabrication
KAMATHOTEL,Consumer Cyclical,Lodging
SEDEMAC,Consumer Cyclical,Auto Parts
DIFFNKG,Industrials,Specialty Industrial Machinery
MUKANDLTD,Basic Materials,Steel
FILATEX,Consumer Cyclical,Textile Manufacturing
MVGJL,Consumer Cyclical,Luxury Goods
ALIVUS,Healthcare,Drug Manufacturers - Specialty & Generic
REDINGTON,Technology,Information Technology Services
RPTECH,Technology,Electronics & Computer Distribution
MITCON,Industrials,Engineering & Construction
GALAPREC,Industrials,Specialty Industrial Machinery
LXCHEM,Basic Materials,Specialty Chemicals
THELEELA,Consumer Cyclical,Lodging
EMIL,Consumer Cyclical,Specialty Retail
RUBYMILLS,Consumer Cyclical,Textile Manufacturing
CRISIL,Financial Services,Financial Data & Stock Exchanges
VENUSPIPES,Basic Materials,Steel
PLASTIBLEN,Basic Materials,Specialty Chemicals
ARIHANTCAP,Financial Services,Capital Markets
SBC,Consumer Cyclical,Apparel Manufacturing
SAHYADRI,Industrials,Building Products & Equipment
COFORGE,Technology,Information Technology Services
EMCURE,Healthcare,Drug Manufacturers - Specialty & Generic
OMAXAUTO,Consumer Cyclical,Auto Parts
VINCOFE,Consumer Defensive,Beverages - Non-Alcoholic
EIMCOELECO,Industrials,Farm & Heavy Construction Machinery
NEOGEN,Basic Materials,Specialty Chemicals
NRAIL,Basic Materials,Paper & Paper Products
SMLT,Industrials,Metal Fabrication
OPTIEMUS,Technology,Electronics & Computer Distribution
AGI,Consumer Cyclical,Packaging & Containers
KOTAKBANK,Financial Services,Banks - Regional
THOMASCOTT,Consumer Cyclical,Textile Manufacturing
GCSL,Financial Services,Capital Markets
DICIND,Basic Materials,Specialty Chemicals
BIRLACABLE,Technology,Communication Equipment
OAL,Basic Materials,Specialty Chemicals
KIRIINDUS,Basic Materials,Specialty Chemicals
RATNAVEER,Basic Materials,Steel
MANALIPETC,Basic Materials,Specialty Chemicals
BALPHARMA,Healthcare,Drug Manufacturers - Specialty & Generic
CARBORUNIV,Industrials,Conglomerates
TEGA,Industrials,Specialty Industrial Machinery
WHEELS,Consumer Cyclical,Auto Parts
MPSLTD,Communication Services,Publishing
MIDHANI,Basic Materials,Steel
PGIL,Consumer Cyclical,Apparel Manufacturing
CHEVIOT,Consumer Cyclical,Textile Manufacturing
UNITEDPOLY,Consumer Cyclical,Textile Manufacturing
PANAMAPET,Energy,Oil & Gas Refining & Marketing
VSSL,Basic Materials,Steel
DYNAMATECH,Consumer Cyclical,Auto Parts
MANORAMA,Consumer Defensive,Packaged Foods
WELCORP,Basic Materials,Steel
INDNIPPON,Consumer Cyclical,Auto Parts
NPST,Technology,Software - Application
PTCIL,Industrials,Metal Fabrication
JASH,Industrials,Specialty Industrial Machinery
SOMANYCERA,Industrials,Building Products & Equipment
TARMAT,Industrials,Engineering & Construction
GKSL,Healthcare,Medical Care Facilities
EMKAY,Financial Services,Capital Markets
SOLARA,Healthcare,Drug Manufacturers - Specialty & Generic
KAJARIACER,Industrials,Building Products & Equipment
SUPRIYA,Healthcare,Biotechnology
PREMIERPOL,Basic Materials,Specialty Chemicals
IRISDOREME,Consumer Cyclical,Apparel Manufacturing
TFCILTD,Financial Services,Credit Services
KAMDHENU,Basic Materials,Steel
BIL,Consumer Cyclical,Footwear & Accessories
TEXMOPIPES,Industrials,Building Products & Equipment
MSTCLTD,Industrials,Conglomerates
INTLCONV,Industrials,Specialty Industrial Machinery
UNIDT,Energy,Oil & Gas Equipment & Services
PITTIENG,Industrials,Metal Fabrication
JUNIPER,Consumer Cyclical,Lodging
KTKBANK,Financial Services,Banks - Regional
SHIVALIK,Basic Materials,Agricultural Inputs
VIVIANA,Industrials,Engineering & Construction
BANARBEADS,Consumer Cyclical,Footwear & Accessories
RML,Consumer Cyclical,Auto Parts
ATLANTAELE,Industrials,Electrical Equipment & Parts
AEROPLANE,Consumer Defensive,Farm Products
AVTNPL,Basic Materials,Specialty Chemicals
MCX,Financial Services,Financial Data & Stock Exchanges
LGEINDIA,Technology,Consumer Electronics
PAISALO,Financial Services,Credit Services
ICIL,Consumer Cyclical,Textile Manufacturing
ABB,Industrials,Specialty Industrial Machinery
TNPETRO,Basic Materials,Specialty Chemicals
HUHTAMAKI,Consumer Cyclical,Packaging & Containers
INOXINDIA,Industrials,Specialty Industrial Machinery
SUBEXLTD,Technology,Software - Application
DOLPHIN,Energy,Oil & Gas Equipment & Services
SUNFLAG,Basic Materials,Steel
AHCL,Healthcare,Drug Manufacturers - Specialty & Generic
NINSYS,Technology,Information Technology Services
ENRIN,Utilities,Utilities - Renewable
NOVARTIND,Healthcare,Drug Manufacturers - Specialty & Generic
UNIPARTS,Industrials,Farm & Heavy Construction Machinery
AEROFLEX,Industrials,Metal Fabrication
SBCL,Industrials,Metal Fabrication
BLUSPRING,Industrials,Specialty Business Services
POWERICA,Industrials,Specialty Industrial Machinery
BLSE,Industrials,Specialty Business Services
SRHHYPOLTD,Basic Materials,Chemicals
BLACKBUCK,Technology,Software - Application
ADFFOODS,Consumer Defensive,Packaged Foods
HAPPYFORGE,Industrials,Metal Fabrication
AVALON,Technology,Electronic Components
LANDSMILL,Industrials,Conglomerates
DEEDEV,Industrials,Metal Fabrication
INDGN,Healthcare,Health Information Services
JGCHEM,Basic Materials,Other Industrial Metals & Mining
SANGAMIND,Consumer Cyclical,Textile Manufacturing
SHADOWFAX,Industrials,Integrated Freight & Logistics
GLAND,Healthcare,Drug Manufacturers - Specialty & Generic
HSCL,Basic Materials,Specialty Chemicals
KSHINTL,Industrials,Electrical Equipment & Parts
GREENPLY,Basic Materials,Lumber & Wood Production
CUB,Financial Services,Banks - Regional
SAILIFE,Healthcare,Diagnostics & Research
TIMEX,Consumer Cyclical,Luxury Goods
GULFOILLUB,Basic Materials,Specialty Chemicals
GAYAPROJ,Industrials,Engineering & Construction
TBOTEK,Consumer Cyclical,Travel Services
SAREGAMA,Communication Services,Entertainment
ABBOTINDIA,Healthcare,Drug Manufacturers - Specialty & Generic
ACMESOLAR,Utilities,Utilities - Renewable
JSWINFRA,Industrials,Marine Shipping
ORIENTBELL,Industrials,Building Products & Equipment
GHCLTEXTIL,Consumer Cyclical,Textile Manufacturing
WEWIN,Technology,Information Technology Services
TALBROAUTO,Consumer Cyclical,Auto Parts
INDOTECH,Industrials,Electrical Equipment & Parts
SPLPETRO,Basic Materials,Specialty Chemicals
BUILDPRO,Consumer Cyclical,Home Improvement Retail
STEELCAS,Basic Materials,Steel
SHIVAUM,Basic Materials,Steel
PASUPTAC,Consumer Cyclical,Textile Manufacturing
POWERMECH,Industrials,Engineering & Construction
PLAZACABLE,Industrials,Electrical Equipment & Parts
SUDARSCHEM,Basic Materials,Specialty Chemicals
EDELWEISS,Financial Services,Financial Conglomerates
JYOTICNC,Industrials,Specialty Industrial Machinery
RAMBHAJO,Consumer Cyclical,Luxury Goods
ZUARIIND,Industrials,Conglomerates
SHREEPUSHK,Basic Materials,Specialty Chemicals
NEULANDLAB,Healthcare,Drug Manufacturers - Specialty & Generic
ROSSTECH,Industrials,Aerospace & Defense
TEXRAIL,Industrials,Railroads
WINDLAS,Healthcare,Drug Manufacturers - Specialty & Generic
CYIENT,Industrials,Conglomerates
KISSHT,Financial Services,Credit Services
GILLANDERS,Consumer Defensive,Farm Products
RETAIL,Consumer Defensive,Grocery Stores
GOODLUCK,Basic Materials,Steel
THYROCARE,Healthcare,Diagnostics & Research
PAYTM,Technology,Software - Infrastructure
GUFICBIO,Healthcare,Drug Manufacturers - Specialty & Generic
TMB,Financial Services,Banks - Regional
SUNDROP,Consumer Defensive,Packaged Foods
NGLFINE,Healthcare,Drug Manufacturers - General
ZIMLAB,Healthcare,Drug Manufacturers - Specialty & Generic
QUADFUTURE,Industrials,Railroads
BEPL,Basic Materials,Chemicals
VIJAYA,Healthcare,Diagnostics & Research
AJAXENGG,Industrials,Farm & Heavy Construction Machinery
MBAPL,Basic Materials,Agricultural Inputs
PRIVISCL,Basic Materials,Specialty Chemicals
DYCL,Industrials,Electrical Equipment & Parts
GRWRHITECH,Basic Materials,Specialty Chemicals
TCPLPACK,Consumer Cyclical,Packaging & Containers
SIGMA,Technology,Information Technology Services
SMSPHARMA,Healthcare,Drug Manufacturers - General
JAYKAY,Industrials,Specialty Business Services
MANOMAY,Consumer Cyclical,Textile Manufacturing
FINEORG,Basic Materials,Specialty Chemicals
SHRIPISTON,Consumer Cyclical,Auto Parts
KRISHANA,Basic Materials,Agricultural Inputs
LGBBROSLTD,Consumer Cyclical,Auto Parts
LUMAXTECH,Consumer Cyclical,Auto Parts
DIVGIITTS,Consumer Cyclical,Auto Parts
ENTERO,Healthcare,Medical Distribution
STOVEKRAFT,Consumer Cyclical,"Furnishings, Fixtures & Appliances"
RUBICON,Healthcare,Drug Manufacturers - General
APCOTEXIND,Basic Materials,Specialty Chemicals
RSL,Basic Materials,Steel
VIDYAWIRES,Industrials,Electrical Equipment & Parts
SHARDAMOTR,Consumer Cyclical,Auto Parts
GVPIL,Industrials,Engineering & Construction
GREAVESCOT,Industrials,Specialty Industrial Machinery
JTLIND,Basic Materials,Steel
RAYMOND,Industrials,Specialty Industrial Machinery
PETRONET,Energy,Oil & Gas Refining & Marketing
BHEL,Industrials,Specialty Industrial Machinery
DVL,Financial Services,Capital Markets
UFLEX,Consumer Cyclical,Packaging & Containers
MAHSEAMLES,Basic Materials,Steel
ANDHRAPAP,Basic Materials,Paper & Paper Products
MANYAVAR,Consumer Cyclical,Apparel Manufacturing
MAXIND,Healthcare,Medical Care Facilities
STARTECK,Financial Services,Credit Services
STYLAMIND,Consumer Cyclical,"Furnishings, Fixtures & Appliances"
MWL,Basic Materials,Steel
MMP,Basic Materials,Aluminum
JNKINDIA,Industrials,Specialty Industrial Machinery
NAVINFLUOR,Basic Materials,Chemicals
THEJO,Industrials,Specialty Industrial Machinery
SOUTHBANK,Financial Services,Banks - Regional
ASKAUTOLTD,Consumer Cyclical,Auto Parts
KENNAMET,Industrials,Tools & Accessories
GIPCL,Utilities,Utilities - Regulated Electric
KHAITANLTD,Industrials,Industrial Distribution
CENTUM,Technology,Electronic Components
APOLLO,Industrials,Aerospace & Defense
KANPRPLA,Consumer Cyclical,Packaging & Containers
ACUTAAS,Basic Materials,Specialty Chemicals
SMLMAH,Consumer Cyclical,Auto Manufacturers
ONWARDTEC,Technology,Information Technology Services
GPTINFRA,Industrials,Engineering & Construction
WOCKPHARMA,Healthcare,Drug Manufacturers - Specialty & Generic
ASIANENE,Energy,Oil & Gas Equipment & Services
CENTENKA,Consumer Cyclical,Textile Manufacturing
BBTCL,Consumer Cyclical,Packaging & Containers
SENORES,Healthcare,Drug Manufacturers - General
PAUSHAKLTD,Basic Materials,Specialty Chemicals
MAHLOG,Industrials,Integrated Freight & Logistics
PNGSREVA,Consumer Cyclical,Luxury Goods
SJS,Consumer Cyclical,Auto Parts
AAREYDRUGS,Healthcare,Drug Manufacturers - Specialty & Generic
CAPLIPOINT,Healthcare,Drug Manufacturers - Specialty & Generic
ALEMBICLTD,Real Estate,Real Estate - Development
LLOYDSENT,Basic Materials,Steel
SOLARINDS,Basic Materials,Specialty Chemicals
GLAXO,Healthcare,Drug Manufacturers - General
AXISCADES,Industrials,Engineering & Construction
SGMART,Industrials,Industrial Distribution
PHOENIXLTD,Real Estate,Real Estate - Diversified
PROTEAN,Technology,Information Technology Services
CGCL,Financial Services,Credit Services
CONCORDBIO,Healthcare,Biotechnology
AEQUS,Industrials,Aerospace & Defense
LODHA,Real Estate,Real Estate - Development
BALAMINES,Basic Materials,Specialty Chemicals
SOFTTECH,Technology,Software - Application
VHL,Financial Services,Asset Management
IKS,Healthcare,Health Information Services
EPACKPEB,Industrials,Engineering & Construction
ORIENTCER,Basic Materials,Specialty Chemicals
ARCHIDPLY,Basic Materials,Lumber & Wood Production
ADOR,Industrials,Specialty Industrial Machinery
ANUHPHR,Healthcare,Drug Manufacturers - Specialty & Generic
VRLLOG,Industrials,Trucking
CARTRADE,Consumer Cyclical,Auto & Truck Dealerships
BHAGYANGR,Basic Materials,Copper
ARTEMISMED,Unknown,Unknown
MOTILALOFS,Financial Services,Capital Markets
SATIN,Financial Services,Credit Services
CAPILLARY,Technology,Software - Application
SANATHAN,Consumer Cyclical,Textile Manufacturing
SPORTKING,Consumer Cyclical,Textile Manufacturing
ALGOQUANT,Financial Services,Capital Markets
MAYURUNIQ,Consumer Cyclical,Textile Manufacturing
TECHM,Technology,Information Technology Services
SEAMECLTD,Industrials,Marine Shipping
ASAHIINDIA,Consumer Cyclical,Auto Parts
IIFLCAPS,Financial Services,Capital Markets
PATINTLOG,Industrials,Integrated Freight & Logistics
STYL,Technology,Software - Infrastructure
AEGISVOPAK,Energy,Oil & Gas Equipment & Services
VAISHALI,Healthcare,Drug Manufacturers - Specialty & Generic
GRINDWELL,Industrials,Building Products & Equipment
REMSONSIND,Consumer Cyclical,Auto Parts
MAHABANK,Financial Services,Banks - Regional
BOROLTD,Consumer Cyclical,"Furnishings, Fixtures & Appliances"
SGFIN,Financial Services,Capital Markets
ADVANCE,Basic Materials,Agricultural Inputs
RAIN,Basic Materials,Specialty Chemicals
HERITGFOOD,Consumer Defensive,Packaged Foods
UJJIVANSFB,Financial Services,Banks - Regional
PVP,Industrials,Conglomerates
VINDHYATEL,Industrials,Engineering & Construction
UNIVCABLES,Industrials,Electrical Equipment & Parts
BHARATSE,Consumer Cyclical,Auto Parts
MANAKCOAT,Industrials,Metal Fabrication
POWERINDIA,Industrials,Electrical Equipment & Parts
SSDL,Consumer Cyclical,Apparel Retail
VENKEYS,Consumer Defensive,Farm Products
MODIS,Real Estate,Real Estate - Development
ECLERX,Technology,Information Technology Services
JAYBARMARU,Consumer Cyclical,Auto Parts
AIIL,Financial Services,Capital Markets
PARKHOSPS,Healthcare,Medical Care Facilities
PRIMO,Basic Materials,Chemicals
AEROENTER,Basic Materials,Steel
PAGEIND,Consumer Cyclical,Apparel Manufacturing
DHUNINV,Financial Services,Capital Markets
MEESHO,Consumer Cyclical,Internet Retail
CAPITALSFB,Financial Services,Banks - Regional
AIROLAM,Consumer Cyclical,"Furnishings, Fixtures & Appliances"
FLUOROCHEM,Basic Materials,Specialty Chemicals
VISHNU,Basic Materials,Specialty Chemicals
STLNETWORK,Communication Services,Telecom Services
WHIRLPOOL,Consumer Cyclical,"Furnishings, Fixtures & Appliances"
TIIL,Industrials,Tools & Accessories
BALUFORGE,Industrials,Metal Fabrication
ASHIANA,Real Estate,Real Estate - Development
SHRINGARMS,Consumer Cyclical,Luxury Goods
KAPSTON,Industrials,Specialty Business Services
21STCENMGM,Financial Services,Capital Markets
RSYSTEMS,Technology,Information Technology Services
RADICO,Consumer Defensive,Beverages - Wineries & Distilleries
RBLBANK,Financial Services,Banks - Regional
SALSTEEL,Basic Materials,Steel
ULTRAMAR,Basic Materials,Specialty Chemicals
BECTORFOOD,Consumer Defensive,Packaged Foods
ELPROINTL,Real Estate,Real Estate Services
GVT&D,Industrials,Specialty Industrial Machinery
INDIGOPNTS,Basic Materials,Specialty Chemicals
SUNDRMFAST,Consumer Cyclical,Auto Parts
COMSYN,Consumer Cyclical,Packaging & Containers
GARFIBRES,Consumer Cyclical,Textile Manufacturing
JAGSNPHARM,Healthcare,Drug Manufacturers - Specialty & Generic
CLEAN,Basic Materials,Specialty Chemicals
CORONA,Healthcare,Drug Manufacturers - General
PONNIERODE,Consumer Defensive,Confectioners
PDMJEPAPER,Basic Materials,Paper & Paper Products
PARAS,Industrials,Aerospace & Defense
KRBL,Consumer Defensive,Packaged Foods
APLLTD,Healthcare,Drug Manufacturers - Specialty & Generic
QUESS,Industrials,Staffing & Employment Services
NAUKRI,Communication Services,Internet Content & Information
AARVI,Industrials,Staffing & Employment Services
GTECJAINX,Consumer Defensive,Education & Training Services
BBOX,Technology,Software - Application
NUVAMA,Financial Services,Asset Management
BAJAJCON,Consumer Defensive,Household & Personal Products
YASHO,Basic Materials,Specialty Chemicals
INGERRAND,Industrials,Specialty Industrial Machinery
JAMNAAUTO,Consumer Cyclical,Auto Parts
GPTHEALTH,Healthcare,Medical Care Facilities
GUJTHEM,Healthcare,Drug Manufacturers - Specialty & Generic
EMMVEE,Technology,Solar
KARURVYSYA,Financial Services,Banks - Regional
WABAG,Industrials,Engineering & Construction
JHS,Consumer Defensive,Household & Personal Products
ADANIPORTS,Industrials,Marine Shipping
KOHINOOR,Consumer Defensive,Packaged Foods
CARYSIL,Consumer Cyclical,"Furnishings, Fixtures & Appliances"
PRABHA,Energy,Oil & Gas E&P
PRUDENT,Financial Services,Asset Management
KSL,Basic Materials,Steel
MEDANTA,Healthcare,Medical Care Facilities
STAR,Healthcare,Drug Manufacturers - Specialty & Generic
MOTHERSON,Consumer Cyclical,Auto Parts
INDHOTEL,Consumer Cyclical,Lodging
VADILALIND,Consumer Defensive,Packaged Foods
UNICHEMLAB,Healthcare,Drug Manufacturers - Specialty & Generic
TARSONS,Healthcare,Medical Instruments & Supplies
RRKABEL,Industrials,Electrical Equipment & Parts
SHAILY,Basic Materials,Specialty Chemicals
INDORAMA,Consumer Cyclical,Textile Manufacturing
BETA,Healthcare,Drug Manufacturers - Specialty & Generic
PARAGMILK,Consumer Defensive,Packaged Foods
MMFL,Industrials,Metal Fabrication
METROGLOBL,Industrials,Conglomerates
VIMTALABS,Healthcare,Diagnostics & Research
MMWL,Communication Services,Entertainment
NAZARA,Communication Services,Electronic Gaming & Multimedia
GFLLIMITED,Financial Services,Asset Management
NGIL,Consumer Defensive,Packaged Foods
SHYAMMETL,Basic Materials,Steel
GEEKAYWIRE,Industrials,Electrical Equipment & Parts
AVADHSUGAR,Consumer Defensive,Confectioners
AGARWALEYE,Healthcare,Medical Instruments & Supplies
APLAPOLLO,Basic Materials,Steel
ORIENTHOT,Consumer Cyclical,Lodging
VITAL,Basic Materials,Specialty Chemicals
JINDWORLD,Consumer Cyclical,Textile Manufacturing
DOLLEX,Consumer Defensive,Confectioners
KREBSBIO,Healthcare,Drug Manufacturers - Specialty & Generic
SIEMENS,Industrials,Specialty Industrial Machinery
TREL,Real Estate,Real Estate Services
GRAUWEIL,Basic Materials,Specialty Chemicals
SIL,Consumer Cyclical,Textile Manufacturing
GAIL,Utilities,Utilities - Regulated Gas
UDS,Industrials,Specialty Business Services
DHAMPURSUG,Consumer Defensive,Confectioners
BFINVEST,Financial Services,Asset Management
ZYDUSLIFE,Healthcare,Drug Manufacturers - Specialty & Generic
GLENMARK,Healthcare,Drug Manufacturers - Specialty & Generic
REFEX,Energy,Thermal Coal
LAMBODHARA,Consumer Cyclical,Textile Manufacturing
PRICOLLTD,Consumer Cyclical,Auto Parts
EXPLEOSOL,Technology,Information Technology Services
JUBLPHARMA,Healthcare,Drug Manufacturers - Specialty & Generic
RAYMONDREL,Real Estate,Real Estate - Development
LAL,Consumer Cyclical,Apparel Manufacturing
SASKEN,Technology,Information Technology Services
BANDHANBNK,Financial Services,Banks - Regional
20MICRONS,Basic Materials,Other Industrial Metals & Mining
PRIMESECU,Financial Services,Capital Markets
CHEMBOND,Basic Materials,Specialty Chemicals
GOLDIAM,Consumer Cyclical,Luxury Goods
JUSTDIAL,Communication Services,Internet Content & Information
RACLGEAR,Consumer Cyclical,Auto Parts
NITINSPIN,Consumer Cyclical,Textile Manufacturing
MINDACORP,Consumer Cyclical,Auto Parts
FMGOETZE,Consumer Cyclical,Auto Parts
HLEGLAS,Industrials,Specialty Industrial Machinery
ISGEC,Industrials,Specialty Industrial Machinery
MOLDTKPAC,Consumer Cyclical,Packaging & Containers
MAWANASUG,Consumer Defensive,Confectioners
TNPL,Basic Materials,Paper & Paper Products
OBEROIRLTY,Real Estate,Real Estate - Development
ALKYLAMINE,Basic Materials,Specialty Chemicals
PCBL,Basic Materials,Specialty Chemicals
FEDERALBNK,Financial Services,Banks - Regional
IIFL,Financial Services,Credit Services
SANGHVIMOV,Industrials,Rental & Leasing Services
IONEXCHANG,Industrials,Pollution & Treatment Controls
AYE,Financial Services,Credit Services
VOLTAMP,Industrials,Electrical Equipment & Parts
NETWEB,Technology,Computer Hardware
KRN,Technology,Electronic Components
MARALOVER,Consumer Cyclical,Textile Manufacturing
CNL,Technology,Electronics & Computer Distribution
TPLPLASTEH,Consumer Cyclical,Packaging & Containers
TINNARUBR,Basic Materials,Specialty Chemicals
SPARC,Healthcare,Drug Manufacturers - Specialty & Generic
RKFORGE,Industrials,Metal Fabrication
PVRINOX,Communication Services,Entertainment
IKIO,Technology,Electronic Components
MAXESTATES,Real Estate,Real Estate - Development
RATEGAIN,Technology,Software - Application
TTKHLTCARE,Healthcare,Drug Manufacturers - General
SATIA,Basic Materials,Paper & Paper Products
GRANULES,Healthcare,Drug Manufacturers - Specialty & Generic
NILKAMAL,Consumer Cyclical,"Furnishings, Fixtures & Appliances"
CRAFTSMAN,Consumer Cyclical,Auto Parts
GABRIEL,Consumer Cyclical,Auto Parts
AUSOMENT,Financial Services,Capital Markets
VARROC,Consumer Cyclical,Auto Parts
CMPDI,Basic Materials,Other Industrial Metals & Mining
DATAMATICS,Technology,Information Technology Services
GAEL,Consumer Defensive,Packaged Foods
DELTACORP,Consumer Cyclical,Resorts & Casinos
EXIDEIND,Consumer Cyclical,Auto Parts
ANANTRAJ,Real Estate,Real Estate - Development
JAYNECOIND,Basic Materials,Steel
DEEPAKFERT,Basic Materials,Chemicals
ENDURANCE,Consumer Cyclical,Auto Parts
HBLENGINE,Industrials,Electrical Equipment & Parts
TNTELE,Technology,Communication Equipment
LIBAS,Consumer Cyclical,Apparel Manufacturing
EPL,Consumer Cyclical,Packaging & Containers
SIMPLEXINF,Industrials,Engineering & Construction
INDIQUBE,Real Estate,Real Estate Services
SECMARK,Industrials,Consulting Services
PODDARMENT,Basic Materials,Specialty Chemicals
ETERNAL,Consumer Cyclical,Internet Retail
RSWM,Consumer Cyclical,Textile Manufacturing
DCMNVL,Consumer Cyclical,Textile Manufacturing
HCLTECH,Technology,Information Technology Services
FEDFINA,Financial Services,Credit Services
TEXINFRA,Real Estate,Real Estate Services
IZMO,Technology,Software - Application
SIS,Industrials,Security & Protection Services
HONASA,Consumer Defensive,Household & Personal Products
BEML,Industrials,Conglomerates
USHAMART,Basic Materials,Steel
DHARMAJ,Basic Materials,Agricultural Inputs
ELGIEQUIP,Industrials,Specialty Industrial Machinery
ANANDRATHI,Financial Services,Asset Management
WENDT,Industrials,Tools & Accessories
INDOAMIN,Basic Materials,Chemicals
BOSCHLTD,Consumer Cyclical,Auto Parts
POLYPLEX,Basic Materials,Specialty Chemicals
CLSEL,Consumer Defensive,Packaged Foods
BELRISE,Consumer Cyclical,Auto Parts
PRECOT,Consumer Cyclical,Textile Manufacturing
MGEL,Consumer Defensive,Farm Products
ABSLAMC,Financial Services,Asset Management
JSFB,Financial Services,Banks - Regional
LLOYDSME,Basic Materials,Steel
METROPOLIS,Healthcare,Diagnostics & Research
POLYMED,Healthcare,Medical Instruments & Supplies
AARTIDRUGS,Healthcare,Drug Manufacturers - Specialty & Generic
KALYANKJIL,Consumer Cyclical,Luxury Goods
ADANIPOWER,Utilities,Utilities - Independent Power Producers
CHENNPETRO,Energy,Oil & Gas Refining & Marketing
KNAGRI,Consumer Defensive,Farm Products
SKIPPER,Industrials,Engineering & Construction
AMBIKCO,Consumer Cyclical,Textile Manufacturing
LAXMIINDIA,Financial Services,Credit Services
TCS,Technology,Information Technology Services
TASTYBITE,Consumer Defensive,Packaged Foods
TRUALT,Energy,Oil & Gas Refining & Marketing
NORTHARC,Financial Services,Credit Services
NYKAA,Consumer Cyclical,Internet Retail
SCHNEIDER,Industrials,Electrical Equipment & Parts
ARVSMART,Real Estate,Real Estate - Development
AYMSYNTEX,Consumer Cyclical,Textile Manufacturing
NAM-INDIA,Financial Services,Asset Management
HESTERBIO,Healthcare,Drug Manufacturers - Specialty & Generic
HNDFDS,Industrials,Conglomerates
TITAGARH,Industrials,Railroads
SAIL,Basic Materials,Steel
INFY,Technology,Information Technology Services
SHOPERSTOP,Consumer Cyclical,Department Stores
HATSUN,Consumer Defensive,Packaged Foods
POLYCAB,Industrials,Electrical Equipment & Parts
ASPINWALL,Consumer Defensive,Farm Products
DCBBANK,Financial Services,Banks - Regional
APOLLOHOSP,Healthcare,Medical Care Facilities
SUVEN,Healthcare,Drug Manufacturers - Specialty & Generic
HAL,Industrials,Aerospace & Defense
ELDEHSG,Real Estate,Real Estate Services
ADANIENSOL,Utilities,Utilities - Independent Power Producers
ANDHRSUGAR,Basic Materials,Chemicals
RAJRATAN,Basic Materials,Steel
PARADEEP,Basic Materials,Agricultural Inputs
ARMANFIN,Financial Services,Credit Services
CGPOWER,Industrials,Electrical Equipment & Parts
IMAGICAA,Communication Services,Entertainment
RELIABLE,Technology,Information Technology Services
LTM,Technology,Information Technology Services
INDUSTOWER,Communication Services,Telecom Services
JAGRAN,Communication Services,Publishing
SIGNPOST,Communication Services,Advertising Agencies
CHEMCON,Basic Materials,Specialty Chemicals
TIPSMUSIC,Communication Services,Entertainment
ASTEC,Basic Materials,Agricultural Inputs
SVLL,Industrials,Trucking
KOVAI,Healthcare,Medical Care Facilities
JKPAPER,Basic Materials,Paper & Paper Products
JINDRILL,Energy,Oil & Gas Equipment & Services
JAYAGROGN,Basic Materials,Specialty Chemicals
LIKHITHA,Energy,Oil & Gas Equipment & Services
MONARCH,Financial Services,Capital Markets
TVSSRICHAK,Consumer Cyclical,Auto Parts
STARPAPER,Basic Materials,Paper & Paper Products
MOTOGENFIN,Real Estate,Real Estate Services
JSWDULUX,Basic Materials,Specialty Chemicals
ZFSTEERING,Consumer Cyclical,Auto Parts
KERNEX,Technology,Software - Application
KOLTEPATIL,Real Estate,Real Estate - Development
ORCHPHARMA,Healthcare,Drug Manufacturers - Specialty & Generic
DLF,Real Estate,Real Estate - Development
VBL,Consumer Defensive,Beverages - Non-Alcoholic
WELENT,Industrials,Engineering & Construction
NOCIL,Basic Materials,Specialty Chemicals
J&KBANK,Financial Services,Banks - Regional
MUNJALAU,Consumer Cyclical,Auto Parts
ABCAPITAL,Financial Services,Financial Conglomerates
MANCREDIT,Financial Services,Credit Services
LUMAXIND,Consumer Cyclical,Auto Parts
IVC,Financial Services,Financial Conglomerates
ADANIENT,Energy,Thermal Coal
VERANDA,Consumer Defensive,Education & Training Services
GOCLCORP,Basic Materials,Specialty Chemicals
AMAGI,Technology,Software - Application
ICICIAMC,Financial Services,Asset Management
IFGLEXPOR,Basic Materials,Building Materials
BLBLIMITED,Financial Services,Capital Markets
NAHARSPING,Consumer Cyclical,Textile Manufacturing
SPAL,Consumer Cyclical,Apparel Manufacturing
ATHERENERG,Consumer Cyclical,Auto Manufacturers
TVSMOTOR,Consumer Cyclical,Auto Manufacturers
KPIL,Industrials,Engineering & Construction
DCI,Technology,Electronics & Computer Distribution
AARTIIND,Basic Materials,Specialty Chemicals
KPRMILL,Consumer Cyclical,Textile Manufacturing
ADVAIT,Industrials,Specialty Industrial Machinery
STYLEBAAZA,Consumer Cyclical,Apparel Retail
ROTO,Industrials,Specialty Industrial Machinery
IDFCFIRSTB,Financial Services,Banks - Regional
AURUM,Real Estate,Real Estate Services
EUROTEXIND,Real Estate,Real Estate - Development
HAWKINCOOK,Consumer Cyclical,"Furnishings, Fixtures & Appliances"
TGBHOTELS,Consumer Cyclical,Lodging
NIITLTD,Consumer Defensive,Education & Training Services
PROSTARM,Industrials,Electrical Equipment & Parts
RISHABH,Technology,Scientific & Technical Instruments
KRISHIVAL,Consumer Defensive,Packaged Foods
DBOL,Consumer Defensive,Farm Products
COHANCE,Healthcare,Drug Manufacturers - Specialty & Generic
GOACARBON,Basic Materials,Specialty Chemicals
IDEAFORGE,Technology,Computer Hardware
WESTLIFE,Consumer Cyclical,Restaurants
MATRIMONY,Communication Services,Internet Content & Information
TTL,Consumer Cyclical,Textile Manufacturing
GOKULAGRO,Consumer Defensive,Packaged Foods
UEL,Technology,Solar
GANECOS,Consumer Cyclical,Textile Manufacturing
AVL,Consumer Cyclical,Specialty Retail
CMRGREEN,Basic Materials,Aluminum
BANSALWIRE,Basic Materials,Steel
ASIANHOTNR,Consumer Cyclical,Lodging
SANOFI,Healthcare,Drug Manufacturers - General
TORNTPHARM,Healthcare,Drug Manufacturers - Specialty & Generic
SAIPARENT,Healthcare,Drug Manufacturers - General
LMW,Industrials,Specialty Industrial Machinery
PENIND,Industrials,Specialty Industrial Machinery
PRESTIGE,Real Estate,Real Estate - Diversified
GUJALKALI,Basic Materials,Chemicals
UTLSOLAR,Technology,Solar
PARACABLES,Technology,Communication Equipment
JKIPL,Industrials,Industrial Distribution
DCMSIL,Industrials,Industrial Distribution
SIGACHI,Healthcare,Drug Manufacturers - Specialty & Generic
INDOCO,Healthcare,Drug Manufacturers - Specialty & Generic
JMA,Consumer Cyclical,Auto Parts
ARFIN,Basic Materials,Aluminum
ACCELYA,Technology,Information Technology Services
PATELRMART,Consumer Cyclical,Department Stores
BAJAJHLDNG,Financial Services,Asset Management
MUFIN,Financial Services,Credit Services
JUBLCPL,Basic Materials,Specialty Chemicals
NAHARINDUS,Consumer Cyclical,Textile Manufacturing
WORTHPERI,Consumer Cyclical,Packaging & Containers
CINELINE,Communication Services,Entertainment
NEPHROPLUS,Healthcare,Medical Care Facilities
KIRLOSENG,Industrials,Specialty Industrial Machinery
BRIGADE,Real Estate,Real Estate - Development
RBA,Consumer Cyclical,Restaurants
BLUESTONE,Consumer Cyclical,Luxury Goods
ARVIND,Consumer Cyclical,Textile Manufacturing
FIVESTAR,Financial Services,Credit Services
NITTAGELA,Basic Materials,Specialty Chemicals
STEELXIND,Basic Materials,Steel
COALINDIA,Energy,Thermal Coal
JINDALSAW,Basic Materials,Steel
PDSL,Industrials,Specialty Business Services
OMAXE,Real Estate,Real Estate - Development
KOTHARIPET,Basic Materials,Specialty Chemicals
SCHAEFFLER,Consumer Cyclical,Auto Parts
MANGLMCEM,Basic Materials,Building Materials
AUTOIND,Consumer Cyclical,Auto Parts
SHIVATEX,Consumer Cyclical,Textile Manufacturing
SAHLIBHFI,Financial Services,Credit Services
BLUEJET,Healthcare,Biotechnology
ARIHANT,Real Estate,Real Estate - Development
UMIYA-MRO,Technology,Communication Equipment
TITAN,Consumer Cyclical,Luxury Goods
MARKOLINES,Industrials,Infrastructure Operations
TATATECH,Technology,Information Technology Services
DIXON,Technology,Consumer Electronics
KRYSTAL,Industrials,Specialty Business Services
SANSTAR,Basic Materials,Chemicals
QUINTEGRA,Technology,Information Technology Services
TI,Consumer Defensive,Beverages - Wineries & Distilleries
RATNAMANI,Basic Materials,Steel
LANDMARK,Consumer Cyclical,Auto & Truck Dealerships
COSMOFIRST,Consumer Cyclical,Packaging & Containers
RAJPALAYAM,Consumer Cyclical,Textile Manufacturing
SARLAPOLY,Consumer Cyclical,Textile Manufacturing
THANGAMAYL,Consumer Cyclical,Luxury Goods
MPHASIS,Technology,Information Technology Services
PREMEXPLN,Basic Materials,Specialty Chemicals
HCG,Healthcare,Medical Care Facilities
GODREJAGRO,Consumer Defensive,Packaged Foods
KIRLOSBROS,Industrials,Specialty Industrial Machinery
DATAPATTNS,Industrials,Aerospace & Defense
SUPRAJIT,Consumer Cyclical,Auto Parts
MOL,Basic Materials,Agricultural Inputs
XPROINDIA,Basic Materials,Specialty Chemicals
OMPOWER,Industrials,Engineering & Construction
INDIAMART,Consumer Cyclical,Internet Retail
VMART,Consumer Cyclical,Department Stores
HALEOSLABS,Healthcare,Biotechnology
CIEINDIA,Consumer Cyclical,Auto Parts
FRACTAL,Technology,Software - Infrastructure
HINDOILEXP,Energy,Oil & Gas E&P
SINGERIND,Unknown,Unknown
STARHEALTH,Financial Services,Insurance - Life
WEWORK,Real Estate,Real Estate Services
PPLPHARMA,Healthcare,Drug Manufacturers - Specialty & Generic
KIRLFER,Industrials,Metal Fabrication
IDEA,Communication Services,Telecom Services
VAML,Basic Materials,Aluminum
ABDL,Consumer Defensive,Beverages - Wineries & Distilleries
HEXT,Technology,Information Technology Services
ITDC,Consumer Cyclical,Lodging
DOLLAR,Consumer Cyclical,Apparel Manufacturing
SURYAROSNI,Basic Materials,Steel
WINDMACHIN,Industrials,Specialty Industrial Machinery
GRPLTD,Consumer Cyclical,Auto Parts
RANEHOLDIN,Consumer Cyclical,Auto Parts
NDLVENTURE,Communication Services,Entertainment
FINKURVE,Financial Services,Credit Services
GEOJITFSL,Financial Services,Capital Markets
63MOONS,Technology,Software - Application
SRTL,Consumer Cyclical,Textile Manufacturing
ORBTEXP,Consumer Cyclical,Textile Manufacturing
ESTER,Basic Materials,Specialty Chemicals
SICAGEN,Basic Materials,Steel
WIPRO,Technology,Information Technology Services
NIRLON,Real Estate,Real Estate Services
VEDPOWER,Utilities,Utilities - Independent Power Producers
COCKERILL,Industrials,Metal Fabrication
MENONBE,Consumer Cyclical,Auto Parts
SHANTIGEAR,Industrials,Specialty Industrial Machinery
INNOVISION,Industrials,Staffing & Employment Services
SGIL,Industrials,Metal Fabrication
JOCIL,Basic Materials,Specialty Chemicals
KKCL,Consumer Cyclical,Apparel Manufacturing
AJMERA,Real Estate,Real Estate - Development
PIRAMALFIN,Financial Services,Credit Services
CLEANMAX,Utilities,Utilities - Renewable
ADANIGREEN,Utilities,Utilities - Renewable
PNBHOUSING,Financial Services,Mortgage Finance
IDBI,Financial Services,Banks - Regional
AVONMORE,Financial Services,Capital Markets
THEMISMED,Healthcare,Drug Manufacturers - Specialty & Generic
CEMPRO,Industrials,Engineering & Construction
BCPL,Industrials,Infrastructure Operations
APOLLOPIPE,Industrials,Building Products & Equipment
TVSSCS,Industrials,Integrated Freight & Logistics
REGAAL,Consumer Defensive,Packaged Foods
CHALET,Consumer Cyclical,Lodging
UTTAMSUGAR,Consumer Defensive,Confectioners
CEINSYS,Industrials,Engineering & Construction
MAGADSUGAR,Consumer Defensive,Confectioners
NIMBSPROJ,Real Estate,Real Estate - Development
BHARTIARTL,Communication Services,Telecom Services
KWIL,Consumer Defensive,Packaged Foods
DISAQ,Unknown,Unknown
HBSL,Financial Services,Capital Markets
BIMETAL,Consumer Cyclical,Auto Parts
WONDERLA,Consumer Cyclical,Leisure
HIRECT,Industrials,Electrical Equipment & Parts
ZYDUSWELL,Consumer Defensive,Packaged Foods
ANTHEM,Healthcare,Biotechnology
RAILTEL,Communication Services,Telecom Services
SKFINDUS,Industrials,Tools & Accessories
MERCURYEV,Consumer Cyclical,Auto Manufacturers
RITES,Industrials,Engineering & Construction
HIKAL,Healthcare,Drug Manufacturers - Specialty & Generic
PROZONER,Real Estate,Real Estate - Diversified
BALRAMCHIN,Consumer Defensive,Confectioners
MAHESHWARI,Industrials,Integrated Freight & Logistics
RITCO,Industrials,Integrated Freight & Logistics
PWL,Consumer Defensive,Education & Training Services
URBANCO,Technology,Software - Application
STEL,Financial Services,Asset Management
PFOCUS,Communication Services,Entertainment
XELPMOC,Technology,Information Technology Services
TCC,Unknown,Unknown
SRF,Industrials,Conglomerates
VOEPL,Technology,Consumer Electronics
SURAJEST,Real Estate,Real Estate - Development
BAJAJHIND,Consumer Defensive,Confectioners
DALMIASUG,Consumer Defensive,Confectioners
GSPCROP,Basic Materials,Agricultural Inputs
DRCSYSTEMS,Technology,Information Technology Services
SAGILITY,Healthcare,Health Information Services
MASTERTR,Financial Services,Capital Markets
BHARATFORG,Industrials,Metal Fabrication
GAUDIUMIVF,Healthcare,Medical Care Facilities
EXICOM,Industrials,Electrical Equipment & Parts
HINDZINC,Basic Materials,Other Industrial Metals & Mining
VSTTILLERS,Industrials,Farm & Heavy Construction Machinery
RUDRA,Basic Materials,Steel
PACEDIGITK,Technology,Communication Equipment
AEPL,Industrials,Electrical Equipment & Parts
NELCO,Technology,Communication Equipment
DEVX,Real Estate,Real Estate Services
RAMCOSYS,Technology,Software - Application
HDFCBANK,Financial Services,Banks - Regional
ITCHOTELS,Consumer Cyclical,Resorts & Casinos
HMAAGRO,Consumer Defensive,Packaged Foods
SCI,Industrials,Marine Shipping
BATLIBOI,Industrials,Specialty Industrial Machinery
SMARTWORKS,Real Estate,Real Estate Services
BEDMUTHA,Basic Materials,Steel
TAINWALCHM,Basic Materials,Specialty Chemicals
STEELCITY,Financial Services,Capital Markets
MUTHOOTFIN,Financial Services,Credit Services
SINCLAIR,Consumer Cyclical,Lodging
ASTRAMICRO,Technology,Communication Equipment
MARSONS,Industrials,Electrical Equipment & Parts
GMBREW,Consumer Defensive,Beverages - Wineries & Distilleries
INDIGO,Industrials,Airlines
MAXHEALTH,Healthcare,Medical Care Facilities
RANASUG,Consumer Defensive,Confectioners
KCP,Basic Materials,Building Materials
JSLL,Healthcare,Medical Care Facilities
KIMS,Healthcare,Medical Care Facilities
KECL,Industrials,Specialty Industrial Machinery
CORDELIA,Industrials,Marine Shipping
DEVYANI,Consumer Cyclical,Restaurants
SAPPHIRE,Consumer Cyclical,Restaurants
GARUDA,Industrials,Engineering & Construction
LUPIN,Healthcare,Drug Manufacturers - Specialty & Generic
RAMCOIND,Industrials,Building Products & Equipment
CLEDUCATE,Consumer Defensive,Education & Training Services
INA,Technology,Solar
OIL,Energy,Oil & Gas Integrated
RHIM,Industrials,Metal Fabrication
KIRLOSIND,Industrials,Metal Fabrication
LEMONTREE,Consumer Cyclical,Lodging
OLAELEC,Consumer Cyclical,Auto Manufacturers
WAAREERTL,Industrials,Engineering & Construction
TIMETECHNO,Consumer Cyclical,Packaging & Containers
NAGREEKCAP,Financial Services,Asset Management
VEEDOL,Basic Materials,Specialty Chemicals
GLOBE,Consumer Cyclical,Textile Manufacturing
AASTHA,Consumer Cyclical,Textile Manufacturing
SUNPHARMA,Healthcare,Drug Manufacturers - Specialty & Generic
SANOFICONR,Healthcare,Drug Manufacturers - General
LINCOLN,Healthcare,Drug Manufacturers - Specialty & Generic
TECHNOE,Industrials,Engineering & Construction
UNIONBANK,Financial Services,Banks - Regional
PIDILITIND,Basic Materials,Specialty Chemicals
PARIN,Consumer Cyclical,"Furnishings, Fixtures & Appliances"
CONTROLPR,Industrials,Business Equipment & Supplies
CSM,Technology,Information Technology Services
ESABINDIA,Industrials,Tools & Accessories
ADL,Consumer Cyclical,"Furnishings, Fixtures & Appliances"
NUVOCO,Basic Materials,Building Materials
LOTUSEYE,Healthcare,Medical Care Facilities
NAHARCAP,Financial Services,Capital Markets
INDIANB,Financial Services,Banks - Regional
CROWN,Industrials,Rental & Leasing Services
WIPL,Basic Materials,Lumber & Wood Production
HONDAPOWER,Industrials,Specialty Industrial Machinery
IRCTC,Consumer Cyclical,Travel Services
SILINV,Financial Services,Asset Management
ALLCARGO,Industrials,Integrated Freight & Logistics
VLSFINANCE,Financial Services,Capital Markets
MIDWESTLTD,Basic Materials,Building Materials
SADBHIN,Industrials,Engineering & Construction
EIHOTEL,Consumer Cyclical,Lodging
NIVABUPA,Financial Services,Insurance - Life
NESTLEIND,Consumer Defensive,Packaged Foods
CARERATING,Financial Services,Financial Data & Stock Exchanges
LAXMIDENTL,Healthcare,Medical Instruments & Supplies
VOGL,Basic Materials,Other Industrial Metals & Mining
LATTEYS,Industrials,Specialty Industrial Machinery
ORIENTALTL,Industrials,Building Products & Equipment
IRMENERGY,Utilities,Utilities - Regulated Gas
HALDER,Consumer Defensive,Farm Products
3MINDIA,Industrials,Conglomerates
UTIAMC,Financial Services,Asset Management
VIYASH,Healthcare,Drug Manufacturers - Specialty & Generic
MEIL,Industrials,Electrical Equipment & Parts
VRAJ,Basic Materials,Steel
MAHLIFE,Real Estate,Real Estate - Development
AUTOAXLES,Consumer Cyclical,Auto Parts
MEDIASSIST,Healthcare,Healthcare Plans
KSOLVES,Technology,Software - Application
IMFA,Basic Materials,Other Industrial Metals & Mining
GENUSPOWER,Industrials,Electrical Equipment & Parts
NATIONALUM,Basic Materials,Aluminum
BALKRISIND,Consumer Cyclical,Auto Parts
ICICIBANK,Financial Services,Banks - Regional
SIYSIL,Consumer Cyclical,Textile Manufacturing
NAVKARCORP,Industrials,Integrated Freight & Logistics
VAIBHAVGBL,Consumer Cyclical,Luxury Goods
TRAVELFOOD,Consumer Cyclical,Restaurants
SHREERAMA,Consumer Cyclical,Packaging & Containers
RPSGVENT,Technology,Information Technology Services
GANGESSECU,Consumer Defensive,Packaged Foods
BLS,Industrials,Specialty Business Services
BONLON,Basic Materials,Other Industrial Metals & Mining
KEI,Industrials,Electrical Equipment & Parts
SAMHI,Consumer Cyclical,Lodging
CREDITACC,Financial Services,Credit Services
GKENERGY,Utilities,Utilities - Renewable
TRANSRAILL,Industrials,Engineering & Construction
CAMS,Technology,Information Technology Services
FIEMIND,Consumer Cyclical,Auto Parts
VINEETLAB,Basic Materials,Chemicals
TEAMGTY,Financial Services,Asset Management
ANGELONE,Financial Services,Capital Markets
MAFATIND,Consumer Cyclical,Textile Manufacturing
ASHOKAMET,Basic Materials,Steel
GENESYS,Technology,Software - Application
VESUVIUS,Industrials,Specialty Industrial Machinery
SANDUMA,Basic Materials,Steel
ONGC,Energy,Oil & Gas Integrated
NTPCGREEN,Utilities,Utilities - Renewable
AMRUTANJAN,Healthcare,Drug Manufacturers - Specialty & Generic
ECOSMOBLTY,Industrials,Rental & Leasing Services
HEROMOTOCO,Consumer Cyclical,Auto Manufacturers
AXISBANK,Financial Services,Banks - Regional
RESPONIND,Basic Materials,Specialty Chemicals
ELGIRUBCO,Consumer Cyclical,Auto Parts
JINDALPOLY,Consumer Cyclical,Packaging & Containers
SWARAJENG,Industrials,Farm & Heavy Construction Machinery
TTKPRESTIG,Consumer Cyclical,"Furnishings, Fixtures & Appliances"
GUJENERGY,Utilities,Utilities - Regulated Gas
INDRAMEDCO,Healthcare,Medical Care Facilities
SPMLINFRA,Industrials,Engineering & Construction
TARACHAND,Industrials,Farm & Heavy Construction Machinery
SHRIRAMFIN,Financial Services,Credit Services
DEEPAKNTR,Basic Materials,Chemicals
SIRCA,Basic Materials,Specialty Chemicals
MARICO,Consumer Defensive,Household & Personal Products
SANDESH,Communication Services,Publishing
SUPREMEIND,Industrials,Building Products & Equipment
CCHHL,Consumer Cyclical,Lodging
CUMMINSIND,Industrials,Specialty Industrial Machinery
VISL,Basic Materials,Steel
ZOTA,Healthcare,Biotechnology
KUANTUM,Basic Materials,Paper & Paper Products
FDC,Healthcare,Drug Manufacturers - Specialty & Generic
SUNTECK,Real Estate,Real Estate - Development
BORANA,Consumer Cyclical,Textile Manufacturing
AFSL,Financial Services,Capital Markets
TATACONSUM,Consumer Defensive,Packaged Foods
DABUR,Consumer Defensive,Household & Personal Products
BOHRAIND,Basic Materials,Agricultural Inputs
SHEMAROO,Communication Services,Entertainment
WAKEFIT,Consumer Cyclical,"Furnishings, Fixtures & Appliances"
BORORENEW,Technology,Solar
PREMIERENE,Technology,Solar
BANCOINDIA,Consumer Cyclical,Auto Parts
AUBANK,Financial Services,Banks - Regional
DWARKESH,Consumer Defensive,Confectioners
DOLATALGO,Financial Services,Capital Markets
ATUL,Basic Materials,Specialty Chemicals
ULTRACEMCO,Basic Materials,Building Materials
LINDEINDIA,Basic Materials,Specialty Chemicals
TCI,Industrials,Integrated Freight & Logistics
IGIL,Basic Materials,Other Precious Metals & Mining
PNB,Financial Services,Banks - Regional
NILASPACES,Real Estate,Real Estate - Development
EIEL,Industrials,Engineering & Construction
LAOPALA,Consumer Cyclical,"Furnishings, Fixtures & Appliances"
SBILIFE,Financial Services,Insurance - Life
ORKLAINDIA,Consumer Defensive,Packaged Foods
BHARATCOAL,Basic Materials,Coking Coal
DDEVPLSTIK,Basic Materials,Specialty Chemicals
KFINTECH,Technology,Software - Application
IFBIND,Consumer Cyclical,"Furnishings, Fixtures & Appliances"
PTL,Real Estate,Real Estate Services
MANAPPURAM,Financial Services,Credit Services
AARON,Industrials,Specialty Industrial Machinery
SPLIL,Consumer Cyclical,Apparel Manufacturing
BAJAJHFL,Financial Services,Mortgage Finance
JUBLINGREA,Basic Materials,Specialty Chemicals
PINELABS,Technology,Software - Infrastructure
APTUS,Financial Services,Mortgage Finance
AADHARHFC,Financial Services,Mortgage Finance
GANESHHOU,Real Estate,Real Estate - Development
RUPA,Consumer Cyclical,Apparel Manufacturing
LTTS,Technology,Information Technology Services
BEL,Industrials,Aerospace & Defense
DLINKINDIA,Technology,Communication Equipment
JSWSTEEL,Basic Materials,Steel
TANLA,Technology,Software - Application
LICI,Financial Services,Insurance - Life
IITL,Financial Services,Credit Services
RAMAPHO,Basic Materials,Agricultural Inputs
GSFC,Basic Materials,Agricultural Inputs
RALLIS,Basic Materials,Agricultural Inputs
JAIPURKURT,Consumer Cyclical,Apparel Manufacturing
DMART,Consumer Defensive,Discount Stores
JARO,Consumer Defensive,Education & Training Services
SILGO,Consumer Cyclical,Luxury Goods
PGHL,Healthcare,Drug Manufacturers - Specialty & Generic
NESCO,Industrials,Conglomerates
GRINFRA,Industrials,Engineering & Construction
SANDHAR,Consumer Cyclical,Auto Parts
GICHSGFIN,Financial Services,Mortgage Finance
CRAMC,Financial Services,Asset Management
GILLETTE,Consumer Defensive,Household & Personal Products
IREDA,Financial Services,Credit Services
AIRAN,Technology,Information Technology Services
BBTC,Consumer Defensive,Packaged Foods
HDFCAMC,Financial Services,Asset Management
KIRLPNU,Industrials,Specialty Industrial Machinery
INDIANCARD,Consumer Cyclical,Textile Manufacturing
INDIASHLTR,Financial Services,Mortgage Finance
AAVAS,Financial Services,Mortgage Finance
SAGARDEEP,Basic Materials,Copper
GPIL,Basic Materials,Steel
ETHOSLTD,Consumer Cyclical,Luxury Goods
HINDALCO,Basic Materials,Aluminum
GMRP&UI,Energy,Thermal Coal
AFFLE,Communication Services,Advertising Agencies
TSFINV,Financial Services,Asset Management
BSOFT,Technology,Information Technology Services
TIMKEN,Industrials,Tools & Accessories
WEBELSOLAR,Technology,Solar
JSL,Basic Materials,Steel
RACE,Industrials,Waste Management
SEJALLTD,Industrials,Building Products & Equipment
HONAUT,Industrials,Electrical Equipment & Parts
WAAREEENER,Technology,Solar
NEWGEN,Technology,Software - Infrastructure
NMDC,Basic Materials,Steel
SHK,Basic Materials,Specialty Chemicals
SKMEGGPROD,Consumer Defensive,Packaged Foods
BERGEPAINT,Basic Materials,Specialty Chemicals
ALLDIGI,Industrials,Specialty Business Services
ADSL,Technology,Information Technology Services
LORDSCHLO,Basic Materials,Chemicals
SUYOG,Communication Services,Telecom Services
SBGLP,Real Estate,Real Estate - Development
GROBTEA,Consumer Defensive,Farm Products
360ONE,Unknown,Unknown
TEAMLEASE,Industrials,Staffing & Employment Services
TARIL,Industrials,Electrical Equipment & Parts
BRIGHOTEL,Consumer Cyclical,Lodging
CHOICEIN,Financial Services,Capital Markets
ASTRAL,Industrials,Building Products & Equipment
MONTECARLO,Consumer Cyclical,Apparel Manufacturing
VMM,Consumer Cyclical,Department Stores
APOLLOTYRE,Consumer Cyclical,Auto Parts
PRITIKAUTO,Industrials,Specialty Industrial Machinery
DHANBANK,Financial Services,Banks - Regional
EPIGRAL,Basic Materials,Chemicals
DJML,Industrials,Specialty Business Services
GOPAL,Consumer Defensive,Packaged Foods
SARDAEN,Basic Materials,Steel
VENTIVE,Consumer Cyclical,Lodging
MBEL,Industrials,Engineering & Construction
KEYFINSERV,Financial Services,Capital Markets
IXIGO,Consumer Cyclical,Travel Services
INTERARCH,Industrials,Engineering & Construction
HAPPSTMNDS,Technology,Information Technology Services
PALASHSECU,Consumer Defensive,Packaged Foods
BAIDFIN,Financial Services,Credit Services
UCOBANK,Financial Services,Banks - Regional
TCIEXP,Industrials,Integrated Freight & Logistics
BIRLACORPN,Basic Materials,Building Materials
SURYODAY,Financial Services,Banks - Regional
BHARTIHEXA,Communication Services,Telecom Services
FINPIPE,Industrials,Building Products & Equipment
TATACAP,Financial Services,Credit Services
NOIDATOLL,Industrials,Infrastructure Operations
RHL,Consumer Cyclical,Lodging
PNGJL,Consumer Cyclical,Luxury Goods
HOMEFIRST,Financial Services,Mortgage Finance
CSBBANK,Financial Services,Banks - Regional
VINATIORGA,Basic Materials,Specialty Chemicals
HAVELLS,Industrials,Electrical Equipment & Parts
COLPAL,Consumer Defensive,Household & Personal Products
KPIGREEN,Utilities,Utilities - Renewable
GRASIM,Basic Materials,Building Materials
EXCELINDUS,Basic Materials,Specialty Chemicals
EXXARO,Industrials,Building Products & Equipment
EVEREADY,Industrials,Electrical Equipment & Parts
EFCIL,Real Estate,Real Estate Services
SOUTHWEST,Energy,Oil & Gas Equipment & Services
MUNJALSHOW,Consumer Cyclical,Auto Parts
CRIZAC,Consumer Defensive,Education & Training Services
WCIL,Industrials,Integrated Freight & Logistics
AGL,Industrials,Integrated Freight & Logistics
BPCL,Energy,Oil & Gas Refining & Marketing
NORBTEAEXP,Consumer Defensive,Farm Products
AWL,Consumer Defensive,Packaged Foods
ESCORTS,Industrials,Farm & Heavy Construction Machinery
IFBAGRO,Consumer Defensive,Beverages - Wineries & Distilleries
ZENSARTECH,Technology,Information Technology Services
HUDCO,Financial Services,Credit Services
SESHAPAPER,Basic Materials,Paper & Paper Products
NDRAUTO,Consumer Cyclical,Auto Parts
POONAWALLA,Financial Services,Credit Services
THEINVEST,Financial Services,Capital Markets
SUMMITSEC,Financial Services,Capital Markets
ALKEM,Healthcare,Drug Manufacturers - Specialty & Generic
SAYAJIHOTL,Consumer Cyclical,Lodging
SBIN,Financial Services,Banks - Regional
BSE,Financial Services,Financial Data & Stock Exchanges
CREATIVEYE,Communication Services,Entertainment
AIAENG,Industrials,Specialty Industrial Machinery
SBFC,Financial Services,Credit Services
YESBANK,Financial Services,Banks - Regional
NCC,Industrials,Engineering & Construction
AGIIL,Real Estate,Real Estate - Development
GROWW,Financial Services,Capital Markets
SOBHA,Real Estate,Real Estate - Development
BTML,Communication Services,Entertainment
BANKINDIA,Financial Services,Banks - Regional
BRITANNIA,Consumer Defensive,Packaged Foods
BAJFINANCE,Financial Services,Credit Services
XCHANGING,Technology,Information Technology Services
VGUARD,Industrials,Electrical Equipment & Parts
NAVA,Industrials,Conglomerates
EIHAHOTELS,Consumer Cyclical,Lodging
HINDUNILVR,Consumer Defensive,Household & Personal Products
DCW,Basic Materials,Chemicals
OLECTRA,Industrials,Farm & Heavy Construction Machinery
LGHL,Consumer Cyclical,Luxury Goods
CCL,Consumer Defensive,Packaged Foods
SERVOTECH,Industrials,Electrical Equipment & Parts
BASF,Basic Materials,Specialty Chemicals
KNACK,Consumer Cyclical,Packaging & Containers
CCAVENUE,Technology,Software - Infrastructure
TAJGVK,Consumer Cyclical,Lodging
AURUS,Consumer Cyclical,Luxury Goods
SHALBY,Healthcare,Medical Care Facilities
FSL,Technology,Information Technology Services
GLOBECIVIL,Industrials,Engineering & Construction
PIGL,Industrials,Engineering & Construction
PATANJALI,Consumer Defensive,Packaged Foods
ICICIPRULI,Financial Services,Insurance - Life
EMAMILTD,Consumer Defensive,Household & Personal Products
MGL,Utilities,Utilities - Regulated Gas
NIRAJ,Industrials,Engineering & Construction
SFL,Consumer Cyclical,"Furnishings, Fixtures & Appliances"
ELECON,Industrials,Specialty Industrial Machinery
AGROPHOS,Basic Materials,Agricultural Inputs
V2RETAIL,Consumer Cyclical,Apparel Retail
FLAIR,Industrials,Business Equipment & Supplies
CMSINFO,Industrials,Specialty Business Services
SADBHAV,Industrials,Engineering & Construction
LTFOODS,Consumer Defensive,Packaged Foods
POCL,Basic Materials,Specialty Chemicals
MAPMYINDIA,Technology,Software - Infrastructure
NTPC,Utilities,Utilities - Regulated Electric
MASTEK,Technology,Information Technology Services
NH,Healthcare,Medical Care Facilities
BIOCON,Healthcare,Biotechnology
ATULAUTO,Consumer Cyclical,Auto Manufacturers
RVNL,Industrials,Engineering & Construction
ANURAS,Basic Materials,Specialty Chemicals
IRFC,Financial Services,Credit Services
KRISHNADEF,Industrials,Specialty Industrial Machinery
HISARMETAL,Basic Materials,Steel
CINEVISTA,Communication Services,Entertainment
PASHUPATI,Consumer Cyclical,Textile Manufacturing
VOLTAS,Consumer Cyclical,"Furnishings, Fixtures & Appliances"
MASFIN,Financial Services,Credit Services
ELCIDIN,Unknown,Unknown
ADVENZYMES,Basic Materials,Specialty Chemicals
IEX,Financial Services,Capital Markets
JKIL,Industrials,Engineering & Construction
IRB,Industrials,Infrastructure Operations
BALMLAWRIE,Industrials,Conglomerates
ZAGGLE,Technology,Software - Infrastructure
IOC,Energy,Oil & Gas Refining & Marketing
SUNDARMFIN,Financial Services,Credit Services
MSPL,Basic Materials,Steel
HITECH,Basic Materials,Steel
TRIGYN,Technology,Information Technology Services
RECLTD,Financial Services,Credit Services
VIKASLIFE,Consumer Defensive,Farm Products
GODREJCP,Consumer Defensive,Household & Personal Products
AKG,Industrials,Industrial Distribution
OMINFRAL,Industrials,Engineering & Construction
NBCC,Industrials,Engineering & Construction
KICL,Financial Services,Asset Management
TEMBO,Industrials,Metal Fabrication
LTF,Financial Services,Credit Services
HDBFS,Financial Services,Credit Services
DIAMONDYD,Consumer Defensive,Packaged Foods
SRD,Basic Materials,Specialty Chemicals
CENTURYPLY,Basic Materials,Lumber & Wood Production
REPRO,Industrials,Specialty Business Services
MRPL,Energy,Oil & Gas Refining & Marketing
VEDL,Basic Materials,Other Industrial Metals & Mining
RKSWAMY,Communication Services,Advertising Agencies
PRAJIND,Industrials,Engineering & Construction
VIKRAN,Industrials,Engineering & Construction
IMPAL,Consumer Cyclical,Auto Parts
NBIFIN,Financial Services,Capital Markets
PRINCEPIPE,Industrials,Building Products & Equipment
HYUNDAI,Consumer Cyclical,Auto Manufacturers
INFOBEAN,Technology,Software - Application
BDL,Industrials,Aerospace & Defense
KAYNES,Technology,Electronic Components
CANBK,Financial Services,Banks - Regional
CHOLAHLDNG,Financial Services,Credit Services
TENNIND,Consumer Cyclical,Auto Parts
EQUITASBNK,Financial Services,Banks - Regional
NOVAAGRI,Basic Materials,Agricultural Inputs
FABTECH,Healthcare,Health Information Services
ROUTE,Communication Services,Telecom Services
CAMPUS,Consumer Cyclical,Footwear & Accessories
EICHERMOT,Consumer Cyclical,Auto Manufacturers
LICHSGFIN,Financial Services,Mortgage Finance
UGROCAP,Financial Services,Credit Services
GTPL,Communication Services,Entertainment
AVANTEL,Technology,Communication Equipment
SURANASOL,Technology,Solar
SCILAL,Real Estate,Real Estate Services
PUNJABCHEM,Basic Materials,Chemicals
UNITDSPR,Consumer Defensive,Beverages - Wineries & Distilleries
CDSL,Financial Services,Capital Markets
KANSAINER,Basic Materials,Specialty Chemicals
MARATHON,Real Estate,Real Estate - Development
HINDPETRO,Energy,Oil & Gas Refining & Marketing
JPPOWER,Utilities,Utilities - Independent Power Producers
RMC,Industrials,Electrical Equipment & Parts
IVALUE,Technology,Information Technology Services
LAGNAM,Consumer Cyclical,Textile Manufacturing
ITC,Consumer Defensive,Tobacco
NHPC,Utilities,Utilities - Renewable
BESTAGRO,Basic Materials,Agricultural Inputs
DIGIDRIVE,Consumer Cyclical,Internet Retail
TMCV,Consumer Cyclical,Auto Manufacturers
UNIECOM,Technology,Software - Application
AMNPLST,Basic Materials,Chemicals
IGARASHI,Consumer Cyclical,Auto Parts
TATASTEEL,Basic Materials,Steel
HARDWYN,Industrials,Building Products & Equipment
IRIS,Technology,Software - Application
FORCEMOT,Consumer Cyclical,Auto Manufacturers
CELLO,Consumer Cyclical,"Furnishings, Fixtures & Appliances"
BANSWRAS,Consumer Cyclical,Textile Manufacturing
CSLFINANCE,Financial Services,Credit Services
NAGREEKEXP,Consumer Cyclical,Textile Manufacturing
ARE&M,Industrials,Electrical Equipment & Parts
LT,Industrials,Engineering & Construction
GOYALALUM,Basic Materials,Aluminum
BVCL,Basic Materials,Building Materials
VASCONEQ,Industrials,Engineering & Construction
INTELLECT,Technology,Software - Application
CANHLIFE,Financial Services,Insurance - Life
COMPUSOFT,Consumer Defensive,Education & Training Services
JAIBALAJI,Basic Materials,Steel
AKASH,Industrials,Engineering & Construction
JINDALSTEL,Basic Materials,Steel
PICCADIL,Consumer Defensive,Beverages - Wineries & Distilleries
GUJRAFFIA,Unknown,Unknown
MMTC,Industrials,Conglomerates
JYOTISTRUC,Industrials,Specialty Industrial Machinery
RELIANCE,Energy,Oil & Gas Refining & Marketing
BMWVENTLTD,Basic Materials,Steel
CENTEXT,Basic Materials,Aluminum
NELCAST,Industrials,Metal Fabrication
AMJLAND,Real Estate,Real Estate - Development
HINDCOMPOS,Consumer Cyclical,Auto Parts
SRGHFL,Financial Services,Mortgage Finance
PSB,Financial Services,Banks - Regional
SPCENET,Financial Services,Capital Markets
SDBL,Consumer Defensive,Beverages - Brewers
SURANAT&P,Utilities,Utilities - Independent Power Producers
APEX,Consumer Defensive,Farm Products
SONATSOFTW,Technology,Information Technology Services
PATELENG,Industrials,Engineering & Construction
PEARLPOLY,Consumer Cyclical,Packaging & Containers
BIKAJI,Consumer Defensive,Packaged Foods
WEIZMANIND,Consumer Cyclical,Textile Manufacturing
FUSION,Financial Services,Credit Services
SHAKTIPUMP,Industrials,Specialty Industrial Machinery
TRACXN,Technology,Software - Application
DENORA,Industrials,Electrical Equipment & Parts
NSIL,Financial Services,Asset Management
FMNL,Real Estate,Real Estate Services
MOKSH,Consumer Cyclical,Luxury Goods
TARC,Real Estate,Real Estate - Development
GLOBUSSPR,Consumer Defensive,Beverages - Wineries & Distilleries
BHAGCHEM,Basic Materials,Agricultural Inputs
RELCHEMQ,Consumer Cyclical,Textile Manufacturing
BANG,Consumer Cyclical,Apparel Manufacturing
RICOAUTO,Consumer Cyclical,Auto Parts
POWERGRID,Utilities,Utilities - Regulated Electric
JSWCEMENT,Basic Materials,Building Materials
GANESHCP,Consumer Defensive,Packaged Foods
ANNAPURNA,Consumer Defensive,Packaged Foods
ZUARI,Basic Materials,Agricultural Inputs
JETFREIGHT,Industrials,Integrated Freight & Logistics
PSPPROJECT,Industrials,Engineering & Construction
HILTON,Industrials,Metal Fabrication
STUDDS,Consumer Cyclical,Auto Parts
RELIGARE,Financial Services,Insurance - Life
NIBL,Industrials,Tools & Accessories
CORALFINAC,Real Estate,Real Estate Services
HILINFRA,Industrials,Infrastructure Operations
RCF,Basic Materials,Agricultural Inputs
NKIND,Consumer Defensive,Household & Personal Products
RUCHIRA,Basic Materials,Paper & Paper Products
INSPIRISYS,Technology,Information Technology Services
COROMANDEL,Basic Materials,Agricultural Inputs
ASHIMASYN,Real Estate,Real Estate - Development
REDTAPE,Consumer Cyclical,Footwear & Accessories
CANTABIL,Consumer Cyclical,Apparel Manufacturing
CENTRALBK,Financial Services,Banks - Regional
SBICARD,Financial Services,Credit Services
PRSMJOHNSN,Basic Materials,Building Materials
DAVANGERE,Consumer Defensive,Confectioners
INCREDIBLE,Basic Materials,Steel
NITIRAJ,Technology,Scientific & Technical Instruments
MFSL,Financial Services,Insurance - Life
AJOONI,Consumer Defensive,Packaged Foods
AFIL,Financial Services,Credit Services
RAINBOW,Healthcare,Medical Care Facilities
INDIANHUME,Industrials,Engineering & Construction
CHAMBLFERT,Basic Materials,Agricultural Inputs
ASTERDM,Healthcare,Medical Care Facilities
GULPOLY,Basic Materials,Chemicals
PRAKASH,Basic Materials,Steel
M&MFIN,Financial Services,Credit Services
VIVIDHA,Consumer Cyclical,Textile Manufacturing
BAJAJHCARE,Healthcare,Drug Manufacturers - Specialty & Generic
TREJHARA,Technology,Software - Application
SAMPANN,Basic Materials,Specialty Chemicals
NCLIND,Basic Materials,Building Materials
RUSHIL,Consumer Cyclical,"Furnishings, Fixtures & Appliances"
BOROSCI,Consumer Cyclical,Packaging & Containers
INDBANK,Financial Services,Capital Markets
IOB,Financial Services,Banks - Regional
HLVLTD,Consumer Cyclical,Lodging
MANAKALUCO,Basic Materials,Aluminum
TATAELXSI,Technology,Software - Application
SAKUMA,Consumer Defensive,Farm Products
CIPLA,Healthcare,Drug Manufacturers - Specialty & Generic
MAMATA,Industrials,Specialty Industrial Machinery
VGL,Consumer Cyclical,Textile Manufacturing
INDOFARM,Industrials,Farm & Heavy Construction Machinery
NATHBIOGEN,Basic Materials,Agricultural Inputs
SEMAC,Industrials,Engineering & Construction
GRSE,Industrials,Aerospace & Defense
JIOFIN,Financial Services,Asset Management
SRM,Industrials,Engineering & Construction
SILVERTUC,Technology,Information Technology Services
HYBRIDFIN,Financial Services,Capital Markets
MODINATUR,Consumer Defensive,Packaged Foods
GTL,Communication Services,Telecom Services
SCODATUBES,Basic Materials,Steel
GHCL,Basic Materials,Chemicals
HAVISHA,Consumer Cyclical,Lodging
NILAINFRA,Real Estate,Real Estate - Development
SHREYANIND,Basic Materials,Paper & Paper Products
SUKHJITS,Basic Materials,Specialty Chemicals
ALPA,Healthcare,Drug Manufacturers - Specialty & Generic
BATAINDIA,Consumer Cyclical,Footwear & Accessories
S&SPOWER,Industrials,Electrical Equipment & Parts
FCSSOFT,Technology,Information Technology Services
TATAINVEST,Financial Services,Asset Management
BSHSL,Basic Materials,Agricultural Inputs
SNOWMAN,Industrials,Integrated Freight & Logistics
CIFL,Financial Services,Credit Services
KRSNAA,Healthcare,Diagnostics & Research
ONESOURCE,Healthcare,Biotechnology
DIAMINESQ,Basic Materials,Chemicals
GMDCLTD,Energy,Thermal Coal
EUROPRATIK,Basic Materials,Building Materials
ORIENTELEC,Consumer Cyclical,"Furnishings, Fixtures & Appliances"
KOTHARIPRO,Industrials,Conglomerates
CHEMPLASTS,Basic Materials,Chemicals
GENCON,Industrials,Engineering & Construction
ASIANTILES,Industrials,Building Products & Equipment
ARTNIRMAN,Real Estate,Real Estate - Development
IPL,Basic Materials,Agricultural Inputs
ZEELEARN,Consumer Defensive,Education & Training Services
SUPREMEINF,Industrials,Engineering & Construction
KSB,Industrials,Specialty Industrial Machinery
DONEAR,Consumer Cyclical,Textile Manufacturing
BAJAJ-AUTO,Consumer Cyclical,Auto Manufacturers
UNOMINDA,Consumer Cyclical,Auto Parts
INDTERRAIN,Consumer Cyclical,Apparel Retail
INNOVANA,Technology,Software - Application
SINTERCOM,Consumer Cyclical,Auto Parts
ARIHANTSUP,Real Estate,Real Estate - Development
NDL,Consumer Cyclical,Textile Manufacturing
PALREDTEC,Technology,Consumer Electronics
AAKASH,Energy,Oil & Gas Equipment & Services
M&M,Consumer Cyclical,Auto Manufacturers
DANGEE,Consumer Cyclical,Restaurants
STERTOOLS,Industrials,Tools & Accessories
DAMCAPITAL,Financial Services,Capital Markets
ARSSBL,Financial Services,Financial Conglomerates
ROML,Consumer Defensive,Packaged Foods
PFS,Financial Services,Credit Services
WEALTH,Financial Services,Capital Markets
BFUTILITIE,Industrials,Infrastructure Operations
GLOSTERLTD,Consumer Cyclical,Textile Manufacturing
SENCO,Consumer Cyclical,Luxury Goods
JINDALPHOT,Financial Services,Asset Management
KHANDSE,Financial Services,Capital Markets
SUPERHOUSE,Consumer Cyclical,Footwear & Accessories
GLOTTIS,Industrials,Integrated Freight & Logistics
DBCORP,Communication Services,Publishing
THERMAX,Industrials,Conglomerates
ABCOTS,Consumer Cyclical,Textile Manufacturing
AFFORDABLE,Industrials,Specialty Industrial Machinery
AWFIS,Industrials,Rental & Leasing Services
SAKHTISUG,Consumer Defensive,Confectioners
TOLINS,Consumer Cyclical,Auto Parts
MARUTI,Consumer Cyclical,Auto Manufacturers
CHOLAFIN,Financial Services,Credit Services
MAHSCOOTER,Financial Services,Asset Management
ENIL,Communication Services,Broadcasting
ZENTEC,Industrials,Aerospace & Defense
MITTAL,Consumer Cyclical,Textile Manufacturing
MANGALAM,Healthcare,Drug Manufacturers - Specialty & Generic
BROOKS,Healthcare,Drug Manufacturers - Specialty & Generic
VAKRANGEE,Technology,Information Technology Services
ONIDA,Consumer Cyclical,"Furnishings, Fixtures & Appliances"
ISHANCH,Basic Materials,Chemicals
TOKYOPLAST,Consumer Cyclical,Packaging & Containers
SAATVIKGL,Technology,Solar
ADVENTHTL,Consumer Cyclical,Lodging
IGL,Utilities,Utilities - Regulated Gas
VSTIND,Consumer Defensive,Tobacco
3PLAND,Real Estate,Real Estate Services
ANIKINDS,Consumer Defensive,Food Distribution
TRU,Financial Services,Credit Services
HERANBA,Basic Materials,Agricultural Inputs
ZENITHEXPO,Consumer Cyclical,Textile Manufacturing
KPEL,Industrials,Engineering & Construction
KNRCON,Industrials,Engineering & Construction
MRF,Consumer Cyclical,Auto Parts
SAMBHAAV,Communication Services,Publishing
NECLIFE,Healthcare,Drug Manufacturers - Specialty & Generic
DREAMFOLKS,Industrials,Airports & Air Services
TTML,Communication Services,Telecom Services
HUBTOWN,Real Estate,Real Estate - Development
SKFINDIA,Industrials,Tools & Accessories
REGENCERAM,Industrials,Building Products & Equipment
CEATLTD,Consumer Cyclical,Auto Parts
MIRZAINT,Consumer Cyclical,Footwear & Accessories
ORIENTCEM,Basic Materials,Building Materials
PVSL,Consumer Cyclical,Auto & Truck Dealerships
VINYLINDIA,Basic Materials,Specialty Chemicals
VINNY,Consumer Cyclical,Textile Manufacturing
PNBGILTS,Financial Services,Capital Markets
ASALCBR,Consumer Defensive,Beverages - Wineries & Distilleries
ASAL,Consumer Cyclical,Auto Parts
CCCL,Industrials,Engineering & Construction
JKCEMENT,Basic Materials,Building Materials
UNITEDTEA,Consumer Defensive,Farm Products
ADVANIHOTR,Consumer Cyclical,Lodging
GSLSU,Basic Materials,Building Materials
NDGL,Financial Services,Capital Markets
WEL,Consumer Cyclical,"Furnishings, Fixtures & Appliances"
PILITA,Consumer Cyclical,"Furnishings, Fixtures & Appliances"
NAVKARURB,Basic Materials,Building Materials
PANACEABIO,Healthcare,Biotechnology
HPAL,Basic Materials,Specialty Chemicals
SINDHUTRAD,Industrials,Conglomerates
ZODIAC,Unknown,Unknown
REPCOHOME,Financial Services,Mortgage Finance
ACI,Basic Materials,Chemicals
TECILCHEM,Financial Services,Shell Companies
ROHLTD,Consumer Cyclical,Lodging
MADHAV,Industrials,Building Products & Equipment
MFML,Consumer Cyclical,Textile Manufacturing
HGS,Industrials,Specialty Business Services
GUJAPOLLO,Industrials,Specialty Industrial Machinery
VIRINCHI,Technology,Software - Application
SGL,Consumer Cyclical,Textile Manufacturing
SIGNATURE,Real Estate,Real Estate - Development
EIDPARRY,Basic Materials,Agricultural Inputs
BAJAJFINSV,Financial Services,Financial Conglomerates
PRAENG,Real Estate,Real Estate - Development
WANBURY,Healthcare,Drug Manufacturers - Specialty & Generic
BIRLAMONEY,Financial Services,Capital Markets
GODIGIT,Financial Services,Insurance - Property & Casualty
SALONA,Consumer Cyclical,Textile Manufacturing
KAMOPAINTS,Basic Materials,Steel
SAGCEM,Basic Materials,Building Materials
MKPL,Consumer Defensive,Packaged Foods
KRIDHANINF,Basic Materials,Steel
ARKADE,Real Estate,Real Estate - Development
NIPPOBATRY,Industrials,Electrical Equipment & Parts
KAKATCEM,Basic Materials,Building Materials
JKTYRE,Consumer Cyclical,Auto Parts
JPOLYINVST,Financial Services,Asset Management
MADHUCON,Industrials,Engineering & Construction
TIRUMALCHM,Basic Materials,Specialty Chemicals
MHRIL,Consumer Cyclical,Resorts & Casinos
DBREALTY,Real Estate,Real Estate - Development
CPEDU,Consumer Defensive,Education & Training Services
DENTA,Industrials,Engineering & Construction
SUMICHEM,Basic Materials,Agricultural Inputs
CREST,Financial Services,Financial Conglomerates
ABREL,Real Estate,Real Estate Services
PRAXIS,Consumer Cyclical,Specialty Retail
SUMEETINDS,Consumer Cyclical,Textile Manufacturing
A2ZINFRA,Industrials,Engineering & Construction
SHARDACROP,Basic Materials,Agricultural Inputs
LFIC,Financial Services,Asset Management
MOBIKWIK,Technology,Software - Infrastructure
FACT,Basic Materials,Agricultural Inputs
UMESLTD,Consumer Defensive,Education & Training Services
JAYSREETEA,Consumer Defensive,Farm Products
BIOFILCHEM,Healthcare,Drug Manufacturers - Specialty & Generic
PRAKASHSTL,Unknown,Unknown
SWELECTES,Technology,Solar
INOXGREEN,Utilities,Utilities - Renewable
PARKHOTELS,Consumer Cyclical,Lodging
SHANTI,Consumer Defensive,Farm Products
SHAH,Basic Materials,Steel
VISHWARAJ,Consumer Defensive,Confectioners
ATL,Industrials,Integrated Freight & Logistics
ATGL,Utilities,Utilities - Regulated Gas
SPIC,Basic Materials,Agricultural Inputs
PURVA,Real Estate,Real Estate - Development
SUVIDHAA,Technology,Information Technology Services
NDTV,Communication Services,Broadcasting
MANORG,Basic Materials,Specialty Chemicals
SOMATEX,Consumer Cyclical,Textile Manufacturing
INVENTURE,Financial Services,Capital Markets
BSL,Consumer Cyclical,Textile Manufacturing
GENUSPAPER,Basic Materials,Paper & Paper Products
BPL,Technology,Consumer Electronics
RELTD,Technology,Solar
GOKEX,Consumer Cyclical,Apparel Manufacturing
ELECTHERM,Basic Materials,Steel
LATENTVIEW,Industrials,Consulting Services
GODREJIND,Industrials,Conglomerates
POLICYBZR,Financial Services,Insurance Brokers
EUREKAFORB,Consumer Cyclical,"Furnishings, Fixtures & Appliances"
PARASPETRO,Consumer Cyclical,Textile Manufacturing
PILANIINVS,Financial Services,Asset Management
MCLOUD,Technology,Information Technology Services
PGHH,Consumer Defensive,Household & Personal Products
SVPGLOB,Consumer Cyclical,Textile Manufacturing
PGEL,Technology,Electronic Components
SUZLON,Industrials,Specialty Industrial Machinery
ROSSELLIND,Industrials,Conglomerates
ACL,Basic Materials,Building Materials
AQYLON,Communication Services,Broadcasting
PANSARI,Real Estate,Real Estate - Development
ALOKINDS,Consumer Cyclical,Textile Manufacturing
BHANDARI,Consumer Cyclical,Apparel Manufacturing
BHARATRAS,Basic Materials,Agricultural Inputs
TRIDENT,Consumer Cyclical,Textile Manufacturing
BHARATWIRE,Basic Materials,Steel
LEMERITE,Consumer Cyclical,Textile Manufacturing
MTNL,Communication Services,Telecom Services
EMAMIREAL,Real Estate,Real Estate - Development
KOTYARK,Basic Materials,Specialty Chemicals
KPITTECH,Technology,Software - Application
GRAVITA,Industrials,Metal Fabrication
GODREJPROP,Real Estate,Real Estate - Development
HATHWAY,Communication Services,Entertainment
STCINDIA,Industrials,Conglomerates
SURYALAXMI,Consumer Cyclical,Textile Manufacturing
ERIS,Healthcare,Drug Manufacturers - Specialty & Generic
EMBDL,Real Estate,Real Estate - Diversified
KESORAMIND,Basic Materials,Building Materials
RENUKA,Consumer Defensive,Confectioners
RKDL,Consumer Defensive,Beverages - Wineries & Distilleries
DHANUKA,Basic Materials,Agricultural Inputs
JLHL,Healthcare,Medical Care Facilities
ZEEL,Communication Services,Broadcasting
KEC,Industrials,Engineering & Construction
JISLDVREQS,Industrials,Conglomerates
JUBLFOOD,Consumer Cyclical,Restaurants
GODFRYPHLP,Consumer Defensive,Tobacco
SEPC,Industrials,Engineering & Construction
HINDWAREAP,Consumer Cyclical,"Furnishings, Fixtures & Appliances"
GKWLIMITED,Industrials,Specialty Business Services
ATLANTAA,Industrials,Infrastructure Operations
KELLTONTEC,Technology,Software - Application
ATALREAL,Industrials,Engineering & Construction
ASTRAZEN,Healthcare,Drug Manufacturers - Specialty & Generic
MEDPLUS,Healthcare,Pharmaceutical Retailers
SWIGGY,Consumer Cyclical,Internet Retail
TORNTPOWER,Utilities,Utilities - Independent Power Producers
SYNGENE,Healthcare,Diagnostics & Research
TREEHOUSE,Consumer Defensive,Education & Training Services
KSCL,Basic Materials,Agricultural Inputs
WAAREEINDO,Technology,Solar
KITEX,Consumer Cyclical,Apparel Manufacturing
MBLINFRA,Industrials,Engineering & Construction
KANANIIND,Consumer Cyclical,Luxury Goods
KALAMANDIR,Consumer Cyclical,Apparel Retail
JYOTHYLAB,Consumer Defensive,Household & Personal Products
VIPCLOTHNG,Consumer Cyclical,Apparel Manufacturing
ABLBL,Consumer Cyclical,Apparel Retail
WALCHANNAG,Industrials,Engineering & Construction
LINC,Industrials,Business Equipment & Supplies
AVROIND,Consumer Cyclical,"Furnishings, Fixtures & Appliances"
TRENT,Consumer Cyclical,Apparel Retail
TRF,Industrials,Specialty Industrial Machinery
SAFARI,Consumer Cyclical,Footwear & Accessories
AGARIND,Basic Materials,Specialty Chemicals
BLUESTARCO,Industrials,Building Products & Equipment
NATCOPHARM,Healthcare,Drug Manufacturers - Specialty & Generic
HEXATRADEX,Financial Services,Credit Services
NIITMTS,Consumer Defensive,Education & Training Services
IGCL,Basic Materials,Agricultural Inputs
BUTTERFLY,Consumer Cyclical,"Furnishings, Fixtures & Appliances"
BAJAJELEC,Consumer Cyclical,"Furnishings, Fixtures & Appliances"
CAMLINFINE,Basic Materials,Specialty Chemicals
BALKRISHNA,Consumer Cyclical,Packaging & Containers
BALAXI,Healthcare,Drug Manufacturers - Specialty & Generic
NARMADA,Basic Materials,Agricultural Inputs
NAVNETEDUL,Communication Services,Publishing
MODTHREAD,Consumer Cyclical,Textile Manufacturing
MINDTECK,Technology,Information Technology Services
MCLEODRUSS,Consumer Defensive,Packaged Foods
MEGASTAR,Consumer Defensive,Packaged Foods
MEDICO,Healthcare,Drug Manufacturers - Specialty & Generic
NUCLEUS,Technology,Software - Application
METROBRAND,Consumer Cyclical,Apparel Retail
MOSCHIP,Technology,Semiconductor Equipment & Materials
CANFINHOME,Financial Services,Mortgage Finance
POKARNA,Industrials,Building Products & Equipment
ABFRL,Consumer Cyclical,Apparel Manufacturing
ORTINGLOBE,Healthcare,Drug Manufacturers - Specialty & Generic
ORISSAMINE,Basic Materials,Steel
RAMKY,Industrials,Engineering & Construction
MAZDOCK,Industrials,Aerospace & Defense
MCL,Basic Materials,Copper
RADIOCITY,Communication Services,Broadcasting
DODLA,Consumer Defensive,Food Distribution
DIGISPICE,Financial Services,Financial Conglomerates
DEVIT,Technology,Information Technology Services
IFCI,Financial Services,Credit Services
ICRA,Financial Services,Financial Data & Stock Exchanges
SHIVAMILLS,Consumer Cyclical,Textile Manufacturing
ASMS,Technology,Information Technology Services
SHILCTECH,Industrials,Electrical Equipment & Parts
INDOTHAI,Financial Services,Capital Markets
INDIACEM,Basic Materials,Building Materials
UTKARSHBNK,Financial Services,Banks - Regional
RADIANTCMS,Industrials,Specialty Business Services
IRCON,Industrials,Engineering & Construction
AAATECH,Technology,Information Technology Services
WILLAMAGOR,Financial Services,Credit Services
FILATFASH,Consumer Cyclical,Apparel Manufacturing
UNIINFO,Communication Services,Telecom Services
PRITI,Consumer Cyclical,"Furnishings, Fixtures & Appliances"
INDIAGLYCO,Basic Materials,Chemicals
CESC,Utilities,Utilities - Regulated Electric
STANLEY,Consumer Cyclical,"Furnishings, Fixtures & Appliances"
BIGBLOC,Industrials,Building Products & Equipment
ESSARSHPNG,Industrials,Marine Shipping
NIACL,Financial Services,Insurance - Diversified
PNCINFRA,Industrials,Engineering & Construction
BCONCEPTS,Consumer Cyclical,Footwear & Accessories
NIBE,Industrials,Aerospace & Defense
DIGITIDE,Industrials,Specialty Business Services
BAYERCROP,Basic Materials,Agricultural Inputs
MUTHOOTMF,Financial Services,Credit Services
NACLIND,Basic Materials,Agricultural Inputs
SHIVAMAUTO,Consumer Cyclical,Auto Parts
DCM,Industrials,Metal Fabrication
DUCON,Industrials,Specialty Industrial Machinery
DREDGECORP,Industrials,Engineering & Construction
MUKTAARTS,Communication Services,Entertainment
FISCHER,Healthcare,Medical Devices
JBMA,Consumer Cyclical,Auto Parts
SHRIRAMPPS,Real Estate,Real Estate - Development
HGM,Technology,Information Technology Services
LPDC,Real Estate,Real Estate Services
HARRMALAYA,Consumer Defensive,Farm Products
SOMICONVEY,Industrials,Specialty Industrial Machinery
LOVABLE,Consumer Cyclical,Apparel Manufacturing
MAHAPEXLTD,Financial Services,Credit Services
MAITHANALL,Basic Materials,Steel
MALUPAPER,Basic Materials,Paper & Paper Products
GEMAROMA,Basic Materials,Chemicals
GANGAFORGE,Industrials,Metal Fabrication
GLOBALE,Consumer Cyclical,Textile Manufacturing
RAJMET,Basic Materials,Copper
MAGNUM,Basic Materials,Paper & Paper Products
TVSELECT,Technology,Computer Hardware
GALLANTT,Basic Materials,Steel
NLCINDIA,Utilities,Utilities - Regulated Electric
VASWANI,Basic Materials,Steel
URJA,Technology,Solar
BANARISUG,Consumer Defensive,Confectioners
AGRITECH,Consumer Defensive,Farm Products
STARCEMENT,Basic Materials,Building Materials
REPL,Industrials,Consulting Services
SECURKLOUD,Technology,Software - Application
ELECTCAST,Industrials,Building Products & Equipment
SWANCORP,Industrials,Conglomerates
GICRE,Financial Services,Insurance - Reinsurance
GREENPOWER,Utilities,Utilities - Independent Power Producers
GREENPANEL,Basic Materials,Lumber & Wood Production
JISLJALEQS,Industrials,Conglomerates
BAJAJINDEF,Industrials,Farm & Heavy Construction Machinery
AMBICAAGAR,Consumer Defensive,Household & Personal Products
GOKUL,Consumer Defensive,Packaged Foods
MOHITIND,Consumer Cyclical,Textile Manufacturing
NAHARPOLY,Consumer Cyclical,Packaging & Containers
WSI,Industrials,Engineering & Construction
HIMATSEIDE,Consumer Cyclical,Textile Manufacturing
EASEMYTRIP,Consumer Cyclical,Travel Services
ESSENTIA,Consumer Defensive,Food Distribution
MSUMI,Consumer Cyclical,Auto Parts
BRNL,Industrials,Infrastructure Operations
JMFINANCIL,Financial Services,Capital Markets
SAURASHCEM,Basic Materials,Building Materials
SYMPHONY,Consumer Cyclical,"Furnishings, Fixtures & Appliances"
VIKRAMSOLR,Technology,Solar
BLAL,Financial Services,Shell Companies
CEWATER,Utilities,Utilities - Regulated Water
CENTRUM,Financial Services,Financial Conglomerates
DCXINDIA,Industrials,Aerospace & Defense
ZENITHSTL,Basic Materials,Steel
TIPSFILMS,Communication Services,Entertainment
ZFCVINDIA,Consumer Cyclical,Auto Parts
PAVNAIND,Consumer Cyclical,Auto Parts
OSWALGREEN,Financial Services,Asset Management
VLEGOV,Technology,Information Technology Services
AMBUJACEM,Basic Materials,Building Materials
BELLACASA,Consumer Cyclical,Textile Manufacturing
BAJEL,Utilities,Utilities - Regulated Electric
TOUCHWOOD,Communication Services,Advertising Agencies
BIRLANU,Industrials,Building Products & Equipment
DNAMEDIA,Communication Services,Publishing
CELEBRITY,Consumer Cyclical,Apparel Manufacturing
AROGRANITE,Industrials,Building Products & Equipment
BALAJITELE,Communication Services,Entertainment
APOLSINHOT,Industrials,Specialty Business Services
BEARDSELL,Industrials,Building Products & Equipment
MAHEPC,Industrials,Farm & Heavy Construction Machinery
MAANALU,Basic Materials,Aluminum
LUXIND,Consumer Cyclical,Apparel Manufacturing
RIIL,Industrials,Engineering & Construction
FAZE3Q,Consumer Cyclical,Textile Manufacturing
FINOPB,Financial Services,Banks - Regional
RHETAN,Basic Materials,Steel
RPOWER,Utilities,Utilities - Independent Power Producers
SHYAMTEL,Technology,Communication Equipment
DBEIL,Unknown,Unknown
CROMPTON,Unknown,Unknown
TERASOFT,Unknown,Unknown
TEJASNET,Technology,Communication Equipment
DCMFINSERV,Financial Services,Credit Services
TAKE,Healthcare,Health Information Services
ZODIACLOTH,Consumer Cyclical,Apparel Manufacturing
PFC,Financial Services,Credit Services
SJVN,Utilities,Utilities - Renewable
APTECHT,Consumer Defensive,Education & Training Services
GTLINFRA,Technology,Communication Equipment
GLOBALVECT,Industrials,Airports & Air Services
PIONEEREMB,Consumer Cyclical,Textile Manufacturing
INDOSTAR,Financial Services,Credit Services
PFIZER,Healthcare,Drug Manufacturers - General
NSLNISP,Basic Materials,Steel
RELAXO,Consumer Cyclical,Footwear & Accessories
JKLAKSHMI,Basic Materials,Building Materials
SALZERELEC,Industrials,Electrical Equipment & Parts
KARMAENG,Utilities,Utilities - Renewable
AKSHAR,Consumer Cyclical,Textile Manufacturing
ANTGRAPHIC,Consumer Cyclical,Packaging & Containers
VSTL,Basic Materials,Steel
AERONEU,Consumer Cyclical,Packaging & Containers
DHRUV,Industrials,Engineering & Construction
OSWALPUMPS,Industrials,Electrical Equipment & Parts
SUPREME,Real Estate,Real Estate - Development
EUROBOND,Industrials,Building Products & Equipment
SUNDRMBRAK,Consumer Cyclical,Auto Parts
APCL,Basic Materials,Building Materials
AHLADA,Industrials,Building Products & Equipment
EKC,Industrials,Specialty Industrial Machinery
KRITIKA,Basic Materials,Steel
LEXUS,Industrials,Building Products & Equipment
RVHL,Real Estate,Real Estate - Development
RTNPOWER,Utilities,Utilities - Independent Power Producers
RSSOFTWARE,Technology,Information Technology Services
GOCOLORS,Consumer Cyclical,Apparel Retail
HPIL,Basic Materials,Specialty Chemicals
ASHOKLEY,Industrials,Farm & Heavy Construction Machinery
SPANDANA,Financial Services,Credit Services
ICICIGI,Financial Services,Insurance - Diversified
PNC,Communication Services,Entertainment
KRITI,Industrials,Building Products & Equipment
PAKKA,Basic Materials,Paper & Paper Products
PIIND,Basic Materials,Agricultural Inputs
PENINLAND,Real Estate,Real Estate - Development
JITFINFRA,Industrials,Engineering & Construction
PRUDMOULI,Consumer Defensive,Confectioners
UNIENTER,Basic Materials,Chemicals
GODAVARIB,Basic Materials,Chemicals
KOKUYOCMLN,Industrials,Business Equipment & Supplies
TVSHLTD,Consumer Cyclical,Auto Parts
BALAJEE,Consumer Cyclical,Packaging & Containers
RTNINDIA,Consumer Cyclical,Internet Retail
AXITA,Consumer Cyclical,Textile Manufacturing
NFL,Basic Materials,Agricultural Inputs
MURUDCERA,Industrials,Building Products & Equipment
MUFTI,Consumer Cyclical,Apparel Retail
THOMASCOOK,Consumer Cyclical,Travel Services
TARAPUR,Industrials,Specialty Industrial Machinery
DSSL,Technology,Information Technology Services
BANKA,Industrials,Pollution & Treatment Controls
PTC,Utilities,Utilities - Independent Power Producers
UPL,Basic Materials,Agricultural Inputs
USK,Industrials,Engineering & Construction
LOYALTEX,Consumer Cyclical,Textile Manufacturing
HEMIPROP,Real Estate,Real Estate - Diversified
HEADSUP,Consumer Cyclical,Apparel Retail
BYKE,Consumer Cyclical,Lodging
NEXTMEDIA,Communication Services,Broadcasting
FIRSTCRY,Consumer Cyclical,Internet Retail
SUNDARAM,Basic Materials,Paper & Paper Products
BOMDYEING,Consumer Cyclical,Textile Manufacturing
BLUEDART,Industrials,Integrated Freight & Logistics
AVANTIFEED,Consumer Defensive,Packaged Foods
AHLUCONT,Industrials,Engineering & Construction
BCLIND,Consumer Defensive,Beverages - Wineries & Distilleries
GMRAIRPORT,Industrials,Airports & Air Services
SOLARWORLD,Technology,Solar
QUICKHEAL,Technology,Software - Application
ARVINDFASN,Consumer Cyclical,Apparel Retail
KEEPLEARN,Consumer Defensive,Education & Training Services
SPENCERS,Consumer Cyclical,Department Stores
GSS,Technology,Information Technology Services
DCMSHRIRAM,Industrials,Conglomerates
ACC,Basic Materials,Building Materials
MUTHOOTCAP,Financial Services,Credit Services
CHEMFAB,Basic Materials,Specialty Chemicals
EMSLIMITED,Industrials,Engineering & Construction
MODIRUBBER,Real Estate,Real Estate Services
TATACOMM,Communication Services,Telecom Services
UNITECH,Real Estate,Real Estate - Diversified
BLKASHYAP,Industrials,Engineering & Construction
TCIFINANCE,Financial Services,Credit Services
DEN,Communication Services,Entertainment
DCMSRIND,Consumer Defensive,Confectioners
RAJSREESUG,Consumer Defensive,Confectioners
ATLASCYCLE,Consumer Cyclical,Leisure
TFL,Financial Services,Mortgage Finance
VIPIND,Consumer Cyclical,Footwear & Accessories
MALLCOM,Industrials,Security & Protection Services
GRMOVER,Consumer Defensive,Packaged Foods
JWL,Industrials,Railroads
TATAPOWER,Utilities,Utilities - Independent Power Producers
5PAISA,Financial Services,Capital Markets
SWSOLAR,Technology,Solar
TIINDIA,Industrials,Conglomerates
NITCO,Industrials,Building Products & Equipment
GATEWAY,Industrials,Integrated Freight & Logistics
JTEKTINDIA,Consumer Cyclical,Auto Parts
DELTAMAGNT,Consumer Cyclical,Textile Manufacturing
UBL,Consumer Defensive,Beverages - Brewers
TATACHEM,Basic Materials,Chemicals
SURAJLTD,Basic Materials,Steel
TRIVENI,Consumer Defensive,Confectioners
DISHTV,Communication Services,Entertainment
FOODSIN,Consumer Defensive,Packaged Foods
HARIOMPIPE,Basic Materials,Steel
FIBERWEB,Consumer Cyclical,Textile Manufacturing
COCHINSHIP,Industrials,Aerospace & Defense
DALBHARAT,Basic Materials,Building Materials
COASTCORP,Consumer Defensive,Packaged Foods
DECCANCE,Basic Materials,Building Materials
DELHIVERY,Industrials,Integrated Freight & Logistics
RPPINFRA,Industrials,Engineering & Construction
RAMCOCEM,Basic Materials,Building Materials
RADAAN,Communication Services,Entertainment
KIOCL,Basic Materials,Steel
RAMANEWS,Consumer Defensive,Beverages - Non-Alcoholic
CAPACITE,Industrials,Engineering & Construction
RAYMONDLSL,Consumer Cyclical,Apparel Manufacturing
SOLEX,Technology,Solar
SHRADHA,Real Estate,Real Estate - Development
SAMMAANCAP,Financial Services,Mortgage Finance
AWHCL,Industrials,Waste Management
VMSTMT,Basic Materials,Steel
LIBERTSHOE,Consumer Cyclical,Footwear & Accessories
RUCHINFRA,Industrials,Specialty Business Services
HTMEDIA,Communication Services,Publishing
INDOWIND,Utilities,Utilities - Renewable
SHREDIGCEM,Basic Materials,Building Materials
SAKSOFT,Technology,Information Technology Services
DOMS,Industrials,Business Equipment & Supplies
PLATIND,Basic Materials,Specialty Chemicals
MASKINVEST,Financial Services,Capital Markets
JAICORPLTD,Basic Materials,Specialty Chemicals
ALANKIT,Technology,Information Technology Services
KALPATARU,Real Estate,Real Estate - Development
INFOMEDIA,Financial Services,Shell Companies
AHLEAST,Consumer Cyclical,Lodging
JAINREC,Basic Materials,Other Industrial Metals & Mining
INSECTICID,Basic Materials,Agricultural Inputs
ODIGMA,Communication Services,Advertising Agencies
TURTLEMINT,Financial Services,Insurance Brokers
AMBER,Consumer Cyclical,"Furnishings, Fixtures & Appliances"
BLUECOAST,Consumer Cyclical,Lodging
GLFL,Financial Services,Shell Companies
FORTIS,Healthcare,Medical Care Facilities
INOXWIND,Industrials,Specialty Industrial Machinery
HDFCLIFE,Financial Services,Insurance - Life
VIKASECO,Basic Materials,Specialty Chemicals
ORIENTTECH,Technology,Information Technology Services
ORICONENT,Consumer Cyclical,Packaging & Containers
HCL-INSYS,Technology,Electronics & Computer Distribution
TIGERLOGS,Industrials,Integrated Freight & Logistics
DBL,Industrials,Engineering & Construction
DCAL,Healthcare,Biotechnology
VPRPL,Industrials,Engineering & Construction
ATAM,Industrials,Specialty Industrial Machinery
VARDMNPOLY,Consumer Cyclical,Textile Manufacturing
OBCL,Industrials,Trucking
PRECAM,Consumer Cyclical,Auto Parts
ORCHASP,Technology,Software - Application
ANUP,Industrials,Specialty Industrial Machinery
ALLTIME,Consumer Defensive,Household & Personal Products
AURIONPRO,Technology,Software - Application
